"","baseMean","log2FoldChange","lfcSE","stat","pvalue","padj"
"A0A090I4G9",65.2470242562135,-3.92555359061695,0.556273487916799,-7.05687701443015,1.70286207849981e-12,1.28906659342435e-09
"A0A090I5F3",29.3572081834762,4.2723090677785,1.25663551780375,3.39979970902407,0.000674352304218016,0.255242347146519
"A0A090I3G7",58.5727999384302,1.30956479957292,0.433800306579778,3.0188194422866,0.00253761719070794,0.623291672642705
"A0A090I514",11.7185572066018,-2.73107376690161,0.929275116507105,-2.93892919156921,0.00329348307869329,0.623291672642705
"A0A090IAH6",215.249862527482,0.343140728552294,0.414997707635845,0.826849696368433,0.408322258270753,0.988190547661253
"A0A090I8L6",51.7536823654726,0.926316654397181,0.421175728321695,2.19935906109399,0.0278524011931422,0.988190547661253
"A0A090I2R3",24.5850010983322,-1.92427629204466,0.776014784147879,-2.47969024734194,0.0131496559947067,0.988190547661253
"A0A090I2M3",64.0047515835675,0.610030909640492,0.43459344606513,1.40368179769805,0.160413625107377,0.988190547661253
"A0A090I2T3",382.076667832481,0.073893066250305,0.44359329827521,0.166578409857899,0.867701782756444,0.988190547661253
"A0A090I3A9",51.7079665010098,0.278900019632129,0.46685984901013,0.597395600036013,0.550243290667201,0.988190547661253
"A0A090I573",220.287787208813,0.499206671606697,0.404058149545614,1.23548224969125,0.216651078591925,0.988190547661253
"A0A090I7W3",130.227422941388,0.405418788126122,0.457374782468105,0.886403893844745,0.375399921706427,0.988190547661253
"A0A090I2R9",62.1237480299362,0.906660359971587,0.514568043144948,1.76198341900566,0.078072098990621,0.988190547661253
"A0A090I2G6",102.57733794885,1.01369827997188,0.390428998829683,2.59637035929825,0.00942144515197452,0.988190547661253
"A0A090I7T4",37.473312612114,0.863132883919505,0.502045674721224,1.71923178981431,0.0855721744706778,0.988190547661253
"A0A090I3J2",54.5989213765755,0.425210745234506,0.843009098687964,0.504396388955104,0.613982855088738,0.988190547661253
"A0A090I3T1",32.271096096323,1.07507311868011,0.603723612768044,1.78073723794064,0.0749553867567413,0.988190547661253
"A0A090I4W3",29.083441040266,0.124423852284823,0.517156675239976,0.240592180748874,0.809871211057722,0.988190547661253
"A0A090I9A6",34.7466421712392,0.204414944160071,0.541731019996125,0.377336605464337,0.705923472058888,0.988190547661253
"A0A0S4FR78",48.5583600067525,-0.570717180901315,1.11225806094814,-0.513115796539887,0.607870322314685,0.988190547661253
"A0A089ZDH4",38.1786371641608,-0.331898087244041,0.521804196423335,-0.636058677793338,0.524738177393509,0.988190547661253
"A0A090I7U6",26.1775163855503,0.524051846451787,0.503813454786998,1.04017040726581,0.298260737482474,0.988190547661253
"A0A090IA40",100.254384199912,0.688620338857343,0.475674243893529,1.44767211531318,0.147708772018427,0.988190547661253
"A0A090I5H3",22.3087148449635,0.19525148039876,0.650020856637424,0.300377254675798,0.763889411238815,0.988190547661253
"A0A090JVC3",79.6283437365406,0.953647522542263,0.605448247441669,1.57510989018783,0.1152310815583,0.988190547661253
"A0A090I2L6",17.334248191203,0.366295948255528,0.583425413320752,0.627836806371936,0.530110851904088,0.988190547661253
"A0A090I6W9",21.3624259274891,-1.70191717713823,0.906310159769493,-1.87785291689888,0.0604012888730588,0.988190547661253
"A0A090JTE7",11.7056721575351,-0.679455341654654,0.780010005002995,-0.87108541851594,0.383707515175342,0.988190547661253
"A0A090I1H9",15.6143737481881,-1.55936698175029,0.722400553332543,-2.15859051402535,0.0308819493395818,0.988190547661253
"A0A090I8V8",21.2592773004151,-0.427041233423641,0.677595754470213,-0.630230090147964,0.528544054992893,0.988190547661253
"A0A089ZIP7",13.0915189140674,-0.121243650652037,0.661383348198271,-0.183318269173735,0.854548300564735,0.988190547661253
"A0A090I5T3",17.0976671041184,0.257655420768198,0.591135547877467,0.435865211783214,0.662934526659523,0.988190547661253
"A0A090I281",20.7529328725156,0.08387546952918,0.550984077525511,0.152228481639375,0.879006730644923,0.988190547661253
"A0A090I842",23.6968510135701,-0.309017804981041,0.542005023260824,-0.570138267578998,0.568583921992829,0.988190547661253
"A0A090I2P0",15.4663039947336,0.299666217914495,0.695182318701704,0.431061334347716,0.66642377400559,0.988190547661253
"A0A090I7L2",10.007417980178,-0.136635040207294,0.727553214362727,-0.187800751216492,0.851032846860644,0.988190547661253
"A0A090I5H7",29.9172986868272,0.0960600476621032,0.635177730260308,0.15123333688468,0.879791653690066,0.988190547661253
"A0A090JUK8",10.9570643870721,-0.51544156676751,0.693445177224775,-0.743305431628135,0.457296783855901,0.988190547661253
"A0A089ZBS9",19.2200695090931,-0.811324272469918,0.6758110028903,-1.20051947807901,0.229937652524864,0.988190547661253
"A0A089ZVL0",14.3178188969339,0.109411103727063,0.663573817448207,0.164881586419136,0.869037185934409,0.988190547661253
"A0A090I210",20.519360328648,-0.432983575461762,1.06042891471408,-0.408309854110782,0.683046205667169,0.988190547661253
"A0A089ZHH5",5.96827630009154,0.407147488097372,1.8233065313256,0.223301721955311,0.823300687174263,0.988190547661253
"A0A089ZEV2",18.5015615197936,-0.205316058667662,0.580396135895025,-0.353751594763885,0.723525052453794,0.988190547661253
"A0A090I2C6",8.75500129512344,0.318486226959978,0.817435428649975,0.389616373107255,0.696820243108312,0.988190547661253
"A0A090I2W9",22.8718428672254,-0.516415326000117,0.657478271803424,-0.785448505520374,0.432190650891186,0.988190547661253
"A0A089ZUL5",9.85717393250667,1.53025879024527,1.28465003666081,1.19118728570069,0.233580069703426,0.988190547661253
"A0A090IB20",14.0972723051267,-0.371182295974675,0.686555014752085,-0.540644650463604,0.588752535664864,0.988190547661253
"A0A089ZGQ5",7.63513243731067,-0.539479218664814,1.26152227921936,-0.427641451563302,0.668912182177063,0.988190547661253
"A0A090I5U4",8.93015699992378,-1.54664840217475,0.97814088212998,-1.58121230840163,0.113829502004031,0.988190547661253
"A0A090I613",22.4002709067577,-0.0955845452319519,0.63859495720749,-0.149679455111787,0.881017518001193,0.988190547661253
"A0A090I4G3",6.60916552054975,-0.524301257246987,1.11505640620027,-0.470201556021393,0.638211022556027,0.988190547661253
"A0A090I4Q7",6.18376074163393,-0.81176988694281,1.11108240906638,-0.730611771295093,0.465016319961106,0.988190547661253
"A0A090JWH2",7.10071005901535,-0.291459613776809,0.887662982058634,-0.328344900787534,0.742650898340824,0.988190547661253
"A0A089ZUT3",8.77276184130824,-2.26086928457526,1.00884437529984,-2.24104860960671,0.0250229264807129,0.988190547661253
"A0A090I5W3",9.29508086615903,-1.72109759921593,0.941402041877029,-1.82822802867974,0.0675153361161833,0.988190547661253
"A0A090I1P7",7.78094751510663,-0.141804947066163,0.830739905317886,-0.170697165452647,0.864461891758808,0.988190547661253
"A0A090JTE0",12.7944343430938,-0.117976157316924,0.670256135304962,-0.176016527268708,0.86028095827753,0.988190547661253
"A0A089ZAX5",15.4769486903755,0.0868306768391119,0.668219953685149,0.12994325649848,0.896611320660294,0.988190547661253
"A0A090I2I6",6.68628572127657,0.737046840075093,1.1868530255806,0.621009361891744,0.534593463449989,0.988190547661253
"A0A090I219",10.6361903900639,-0.836375901556367,0.794947299290274,-1.05211490409878,0.292746834945944,0.988190547661253
"A0A090I9S3",10.8214261994869,-1.37909952365525,1.750743938555,-0.787722003934801,0.430859331890505,0.988190547661253
"A0A089ZAI4",18.5057330988149,0.928237885505796,0.736703459493049,1.25998849814625,0.207673511478146,0.988190547661253
"A0A090I3H2",7.57096199194134,1.18569557917012,1.1285628162887,1.05062435343147,0.293431151435749,0.988190547661253
"A0A090I9D3",7.85034365046844,-0.0606415663526147,0.789397681680745,-0.0768200461692511,0.938766703323693,0.988190547661253
"A0A090I305",19.5812428511047,0.246012251401822,0.633971146623031,0.388049602434201,0.697979326622939,0.988190547661253
"A0A089ZG02",13.189654426494,0.173142763031673,0.648416597681745,0.26702395288878,0.78945071873605,0.988190547661253
"A0A089Z979",10.0294840203588,-0.942687394013625,0.797116495085953,-1.18262186245685,0.236959044027153,0.988190547661253
"A0A090I3J1",5.48912100163382,-0.15958037600592,1.0771393661467,-0.148152022868492,0.882222794086109,0.988190547661253
"A0A090I0N7",7.83104779817934,-0.14071617738928,0.793972569424156,-0.177230527612984,0.859327317642303,0.988190547661253
"A0A090I6I2",9.91491479971339,0.252392252624085,0.746326095182589,0.3381795896636,0.735227855794259,0.988190547661253
"A0A090I6Q2",17.6414926737574,0.582162585259821,0.581289703207889,1.00150162999123,0.316584352486836,0.988190547661253
"A0A090I3H9",10.0774724571475,0.40468528407862,0.709122334299172,0.570684724630161,0.56821337520595,0.988190547661253
"A0A089ZI64",7.72029911871128,0.600288133584996,0.784067746362528,0.765607482733312,0.443909890794142,0.988190547661253
"A0A090JXJ6",9.34836798063671,0.0884764738752718,0.717884428092195,0.123246124881691,0.901912201582415,0.988190547661253
"A0A090I8M3",6.48071477983464,0.339812673157784,0.924214646219162,0.367677221463555,0.713113927238372,0.988190547661253
"A0A089ZGF9",9.10090856428485,-0.358143004881359,0.812343336033528,-0.440876399171418,0.659302480349564,0.988190547661253
"A0A090JVW9",4.67560502316861,-1.5413090928229,1.25148095753027,-1.23158813048549,0.21810297702385,0.988190547661253
"A0A089ZUS9",8.66959944645617,-0.447172648356929,0.808805091069917,-0.552880605345093,0.580345168816163,0.988190547661253
"A0A090I5S8",6.09983795018379,0.163130182372183,1.24143131773825,0.131404919500008,0.895454997211781,0.988190547661253
"A0A090I151",19.5095842641421,-0.461148494361213,1.02196866722856,-0.451235452855698,0.651819860255457,0.988190547661253
"A0A090I781",12.1919322623822,1.19744623217961,0.73769101047589,1.62323549450214,0.104539072890357,0.988190547661253
"A0A090I1I9",12.2750509432695,-0.465368268651281,1.03458174627403,-0.449812951298698,0.652845318451664,0.988190547661253
"A0A089ZCU1",7.5197068460148,-0.0436919149822861,0.790241474324132,-0.0552893215578875,0.955907969316778,0.988190547661253
"A0A090I345",9.28515057499883,-0.27278684714674,0.798947152616876,-0.341432904858916,0.732777707255051,0.988190547661253
"A0A090I579",4.78416636303943,-1.46700857057109,1.15130038737961,-1.27421877613543,0.202585892736735,0.988190547661253
"A0A090I3S6",8.8034785934348,-1.2125039509679,0.974782921725018,-1.2438707366992,0.213547141023818,0.988190547661253
"A0A090I170",10.901511165152,-0.095376198907748,0.733761457415303,-0.129982568509,0.89658021799391,0.988190547661253
"A0A090I192",3.37517561046254,-2.36632912222588,1.40610757354049,-1.68289337654843,0.0923957340329215,0.988190547661253
"A0A089ZGG4",7.74121114723769,-0.430238117819434,0.787104009247274,-0.546608977676128,0.584647399935753,0.988190547661253
"A0A090I2K4",2.34438465247279,-2.23575872206282,1.80502749168134,-1.23862862608273,0.215483061840051,0.988190547661253
"A0A090JW64",10.4501463424463,0.0644746433936858,0.773122562461496,0.0833951129150973,0.933537374306131,0.988190547661253
"A0A090I471",5.92248557467816,0.279190857405747,0.937261796497828,0.297879267509858,0.765795312169518,0.988190547661253
"A0A090JXT2",6.51502189024063,-0.613708364895754,0.876892432544176,-0.699867329354375,0.484010162155196,0.988190547661253
"A0A089ZCR8",7.34371032997956,-0.178096500258014,0.848156338035211,-0.209980745614165,0.833682700800855,0.988190547661253
"A0A090I7T8",8.93637587360924,-1.08045086063072,0.797583840157457,-1.35465490426364,0.175527531891172,0.988190547661253
"A0A090JV64",8.9859633895978,0.139746135781827,0.745401690834592,0.187477621127153,0.851286168353952,0.988190547661253
"A0A090JTX8",7.16393459641061,-0.304564779220931,0.829979831589794,-0.366954433865638,0.713653007015829,0.988190547661253
"A0A089ZGM2",2.57848778800466,-4.4583068465406,2.79513302849359,-1.59502492407074,0.110706662357058,0.988190547661253
"A0A090I4T3",2.70444777680713,-4.53654364788587,1.87702871189457,-2.41687493597631,0.0156543947191425,0.988190547661253
"A0A090I433",4.21851581714211,-0.287473555091897,1.2100168297178,-0.237578146048547,0.812208302180124,0.988190547661253
"A0A090I3Y0",4.44508344277421,-0.830533659180059,1.67552870227485,-0.495684531128861,0.620117002584901,0.988190547661253
"A0A0S4FLI0",6.49211263245968,-0.104933254392096,1.71951316475537,-0.0610249787805631,0.951339315934575,0.988190547661253
"A0A090I3U3",3.18300454579836,-1.62843604856146,1.38232942041536,-1.17803761137642,0.238781612215335,0.988190547661253
"A0A090JY31",4.17613622565097,-0.50297358211403,1.21852675425134,-0.412771882405698,0.679773753858157,0.988190547661253
"A0A0S4FRT9",9.92252543061178,0.563962454913545,1.73983655005791,0.324146802695215,0.745826894712161,0.988190547661253
"A0A089ZHM6",3.84200129504045,-0.122340944583585,1.30218816845584,-0.0939502811860592,0.925148651828772,0.988190547661253
"A0A090JTT4",7.41167411917715,1.02859531535134,0.798313116605228,1.28846099851819,0.197585536894197,0.988190547661253
"A0A090I796",5.10758440926053,-0.328259685457992,0.976369310779567,-0.33620442780601,0.736716714156016,0.988190547661253
"A0A090I166",6.9500656446831,0.389950049240688,0.968756712766036,0.402526293858946,0.687296741396404,0.988190547661253
"A0A090JUQ9",4.00539295518539,-0.933508759696471,1.23154873393691,-0.75799579340422,0.448453501027714,0.988190547661253
"A0A090IAD3",4.29064438525539,-0.719813057093407,1.17692625455949,-0.61160421420187,0.5407996492173,0.988190547661253
"A0A089ZAG5",6.53703369516015,-0.190008546187714,0.881599760578298,-0.215526993862924,0.829356468490357,0.988190547661253
"A0A090I180",8.51910837753785,-0.54569386188671,0.789375115102072,-0.69129853658504,0.489377951282151,0.988190547661253
"A0A089ZJ55",7.81237973333275,0.358955406896969,0.793082624765379,0.452607831375905,0.650831158564485,0.988190547661253
"A0A089ZCQ3",6.05724520113753,0.200971555284567,1.26478952446898,0.158897232619748,0.873749841045124,0.988190547661253
"A0A090I246",5.42912050556208,-0.66880264773,0.981058881161955,-0.68171509434569,0.4954191210471,0.988190547661253
"A0A089ZH50",1.25461422421485,-2.03850115440398,3.52992567028979,-0.577491240555393,0.563607654212409,0.988190547661253
"A0A089ZER7",8.61418277889026,-0.295639945810931,0.800049856788981,-0.369526902982633,0.711735024237074,0.988190547661253
"A0A090I599",3.83158014598734,-0.530258458911769,1.23214910882955,-0.430352507754094,0.666939236900582,0.988190547661253
"A0A090I2T7",6.10638396457017,0.974823208524469,0.913055849656138,1.06764904785572,0.285678850100806,0.988190547661253
"A0A090I424",9.96030971193131,-1.15855777585747,0.787601457080457,-1.47099496254375,0.141292479197761,0.988190547661253
"A0A090I4Y4",9.24405244258529,0.169358781921166,0.786599713439796,0.21530491179632,0.829529600369623,0.988190547661253
"A0A089ZVL1",5.35024081797011,-0.9276790540066,1.21693618721031,-0.762307065691919,0.445876757823986,0.988190547661253
"A0A090I428",6.80546287429704,-1.70281339212368,1.07829097625775,-1.57917800446903,0.114295233617189,0.988190547661253
"A0A090JW72",7.05791380675534,-0.75474949260573,0.834702501142705,-0.90421376666834,0.365882061734586,0.988190547661253
"A0A090JWN0",19.0322011799459,-0.510483334259126,1.53276972798018,-0.33304633105706,0.739099310413358,0.988190547661253
"A0A090I6I6",2.10869381698621,-1.68920424052664,1.81068132451418,-0.932910842817614,0.350866003566486,0.988190547661253
"A0A090I3I7",2.49359062955346,-0.189192997275071,1.78879130904496,-0.105765829875416,0.915768148490225,0.988190547661253
"A0A089ZGG9",4.73291206831231,-1.44207008526714,1.12842898917012,-1.27794491200344,0.201268850739445,0.988190547661253
"A0A090I2F4",4.41387876708606,-0.335468576659356,1.12347114238612,-0.298600083262362,0.765245201906748,0.988190547661253
"A0A090I2G3",18.5927110684199,-1.3628153922689,0.669576563588559,-2.0353391477219,0.0418167596975579,0.988190547661253
"A0A0S4FMQ4",3.46499578128315,-0.0506494159009735,1.15653046992715,-0.043794277122819,0.96506838890378,0.988190547661253
"A0A090I518",8.52589311927579,0.94347779559979,0.93078273713123,1.01363912109897,0.310754983198021,0.988190547661253
"A0A090I8S8",2.55293653328467,-0.862586111776031,1.79857767208543,-0.479593472755542,0.631516488547872,0.988190547661253
"A0A089ZCL2",0.936628083254588,-3.0054602378814,3.94487240789865,-0.761865005282222,0.446140577975693,0.988190547661253
"A0A089ZG23",3.82897971412457,0.38057126938624,1.13163945796796,0.336300812689598,0.736644037145192,0.988190547661253
"A0A090I7B6",7.84659019191342,-0.138973964964133,0.800398509651738,-0.17363096418633,0.862155495728478,0.988190547661253
"A0A090I672",4.91525201622563,0.0506670355998445,0.948626387889091,0.0534109489749596,0.957404481645653,0.988190547661253
"A0A090I4Y0",3.70319998689184,0.453113550625975,1.31799389351726,0.343790326233436,0.731003975847953,0.988190547661253
"A0A090I5G8",10.4840763191286,-0.0556705622650275,0.718886569262993,-0.0774399810002034,0.938273536020883,0.988190547661253
"A0A090I496",1.45425605272739,-1.36441196520566,2.52546467003036,-0.540261751192605,0.589016532144006,0.988190547661253
"K2QDP1",3.46164613613601,-0.655089013060013,1.12922304434698,-0.580123666745433,0.561831224895571,0.988190547661253
"A0A090I7S6",8.86350645590145,-1.6051894681648,1.58535234565565,-1.01251275311984,0.311292952112625,0.988190547661253
"A0A090I729",1.87514777077012,-1.55211741640794,2.36396663194668,-0.656573318520071,0.511455309651018,0.988190547661253
"A0A089ZDP0",2.19354965179381,-2.10905100578097,1.79361870780024,-1.17586363066406,0.239649374261519,0.988190547661253
"A0A089ZGF5",3.15712818125894,-1.39874762105827,1.35566330022905,-1.03178098929279,0.302174726977406,0.988190547661253
"A0A090I622",7.01353070574005,-0.101088078051229,0.848455519772023,-0.11914363887737,0.90516155812281,0.988190547661253
"A0A089ZV33",6.46162845234061,1.49582104956194,1.09371009618504,1.36765771366608,0.171419242037598,0.988190547661253
"A0A090I7U4",4.2164122820092,-0.412266450802451,1.18891715927597,-0.346757928074242,0.728773186750256,0.988190547661253
"A0A0S4FN62",2.35622381495768,-0.472888722285566,1.57300309438006,-0.300627966960192,0.763698202875709,0.988190547661253
"A0A089ZDA2",6.081659339371,0.256462759595583,2.20914799426135,0.116091253398047,0.907580220720895,0.988190547661253
"A0A090I938",8.64680183525015,0.635277172319384,0.828021841589052,0.76722272337675,0.442949104719471,0.988190547661253
"A0A090I560",2.64199015950044,-2.64859062031794,1.69145401869165,-1.56586616665267,0.117379952001836,0.988190547661253
"A0A090I340",3.20356900980406,-0.987807949977577,1.26343127397172,-0.781845415993466,0.434305426767838,0.988190547661253
"A0A090I8V0",3.69683263219665,0.396686749740961,1.70625420418896,0.232489829925148,0.816157585386412,0.988190547661253
"A0A090JWL2",8.64552037617256,0.0499897891015047,0.761713514487947,0.0656280716446389,0.947673939345188,0.988190547661253
"A0A089ZAY7",3.54128322323789,-3.0093234402656,1.45422588478095,-2.06936451328461,0.0385118939352429,0.988190547661253
"A0A089Z8Q6",7.74170362426479,-2.5560705979616,1.03419032514975,-2.47156692129322,0.0134522370721824,0.988190547661253
"A0A090I958",12.2583059177031,-0.933378423233446,0.840753496077447,-1.11016894676994,0.266926231390742,0.988190547661253
"A0A090I3Q7",6.46608908309971,-0.193199970833394,0.929765267817388,-0.207794351457038,0.835389543238959,0.988190547661253
"A0A090I0Z8",3.6903113918268,0.0856727281131926,1.39464984666667,0.0614295612034501,0.951017110372992,0.988190547661253
"A0A089ZF65",5.35442083306805,0.160675494954398,0.9223138377483,0.174209134004392,0.861701107405,0.988190547661253
"A0A090JVL3",1.6149964367873,-3.80093507292624,2.94958291065545,-1.28863476228969,0.197525092274439,0.988190547661253
"A0A090I904",5.49440130237134,-1.16771712228801,1.22376959645011,-0.954196873067699,0.339983997175369,0.988190547661253
"A0A089ZGS2",5.74850817983308,0.607479501988267,0.899435388904814,0.675400934277176,0.499421072089605,0.988190547661253
"A0A089ZBS5",5.32799937537442,-0.370668041212169,0.933523941121753,-0.397063240570737,0.691320826245698,0.988190547661253
"A0A090IB58",2.81590889938146,-2.55758999753711,1.7172647203909,-1.4893393937278,0.136398019173236,0.988190547661253
"A0A090I2K0",2.38251591956053,-1.62598712662688,1.52714676745811,-1.06472223971851,0.2870016428741,0.988190547661253
"A0A090JSP3",6.09147889611288,-0.426108715034535,0.891849944794754,-0.477780727039903,0.632806279996809,0.988190547661253
"A0A089ZC51",2.80486690517262,-1.44866144916929,1.39592400161968,-1.03777959794976,0.299372677299346,0.988190547661253
"A0A090JTC3",4.27293630242702,-1.85555496635388,1.21678383137713,-1.52496681703422,0.127267374472089,0.988190547661253
"A0A089ZGW2",3.41706635768663,-0.365937909654644,1.13893144715413,-0.321299328918365,0.747983564923032,0.988190547661253
"A0A090I3I6",11.4395634813106,0.550067626530067,0.862242503609439,0.637950024763829,0.523506212283336,0.988190547661253
"A0A090I731",1.9614216190095,-0.867130415043596,1.56222794786994,-0.55506010901028,0.578853546834456,0.988190547661253
"A0A089ZGF2",6.36504216729172,-1.72780072214129,0.962772662656161,-1.79460924594028,0.0727159789932569,0.988190547661253
"A0A089ZGZ1",6.24439615690555,-0.170970387088146,0.936866098649698,-0.182491806816967,0.855196783613493,0.988190547661253
"A0A090JTB4",2.2698852901729,-2.43428640841494,1.78869063079195,-1.36093205080252,0.173535163708041,0.988190547661253
"A0A089ZA17",1.34654156292842,-2.41846796471805,2.10157998475213,-1.15078559096731,0.249820454076811,0.988190547661253
"A0A090I443",4.17100907589579,0.856657598654503,1.43517147610944,0.596902609141027,0.550572405201769,0.988190547661253
"A0A090JYU9",2.58268550990681,-2.37948494568912,1.73288586556284,-1.37313425712331,0.169710613007549,0.988190547661253
"A0A090I6T0",5.54277818233458,0.895665411455304,0.938942767588852,0.953908419525205,0.340130001240233,0.988190547661253
"A0A089ZHN5",2.62648311482973,-0.925571166502974,1.38532571118261,-0.668125307306137,0.504053608703102,0.988190547661253
"A0A089ZEW4",2.26574289645248,-1.54681045832608,1.52837136298241,-1.01206453862606,0.311507196293118,0.988190547661253
"K2QX04",1.89719155096957,-4.00587963011437,2.99319900367845,-1.3383271961508,0.180789800105027,0.988190547661253
"A0A090JW43",3.64149976909508,-0.917016982095263,1.66772884281787,-0.549859760502692,0.582415565833733,0.988190547661253
"A0A090I6K9",5.17655195719793,-0.590453878293448,0.968702544409318,-0.609530636314667,0.542172772354784,0.988190547661253
"A0A089ZV28",3.44070718620446,-0.940472722968663,1.16594702995084,-0.806617023595242,0.419887162787268,0.988190547661253
"A0A090I6D3",2.80612359023368,-0.814920732646939,1.42743167265192,-0.57089999350579,0.568067435360609,0.988190547661253
"A0A0S4FQD8",1.65810852000909,-0.706218139071569,2.57836016179111,-0.273902051985236,0.784159894615198,0.988190547661253
"A0A090JUF5",3.05239690314409,-0.51696697151747,1.30557228579542,-0.395969627374946,0.692127434661344,0.988190547661253
"A0A090JYL6",1.52492535327131,-3.71138074216145,2.22741605857346,-1.66622698434633,0.0956682132806737,0.988190547661253
"A0A089ZCA7",2.78291977679849,-1.46472096591359,1.37572667548121,-1.06468893277893,0.287016719949816,0.988190547661253
"A0A090I3J9",6.9283129214289,0.286724233707177,1.29178953825829,0.221958937749074,0.824345848934902,0.988190547661253
"A0A090I5G4",3.05547928923753,-0.364166187104262,1.1762076759418,-0.309610449372957,0.756857209065774,0.988190547661253
"A0A090JV59",2.54868820888127,-0.856719814373971,1.40912392915715,-0.60798045980697,0.54320043374525,0.988190547661253
"A0A090JX40",2.82834640531971,-2.55425987866014,1.69912389640091,-1.50328053420388,0.132766717609921,0.988190547661253
"A0A090I391",1.74710674853711,-1.98419918911746,1.9016843667369,-1.04339038792339,0.296767523490647,0.988190547661253
"A0A089ZG55",6.90744965924216,0.431733928078723,0.881994717913861,0.489497181003398,0.62448974981774,0.988190547661253
"A0A090JXN7",13.8291494366613,-0.515774782238487,0.883514165391264,-0.583776471778556,0.559370709809033,0.988190547661253
"A0A090I8R6",4.03928517672737,0.24507726911806,1.26281582818343,0.194072059953988,0.846119458607129,0.988190547661253
"K2QY77",1.36917421300367,-3.56869142394272,3.05827689515355,-1.16689611382084,0.243252325508202,0.988190547661253
"A0A090JWG4",1.37415502913772,-0.943733727586207,2.51726527659784,-0.374904360044919,0.707731596338918,0.988190547661253
"A0A090JU72",1.82027884415632,-1.65010354587501,1.74195507738121,-0.947271010200625,0.343500699065801,0.988190547661253
"A0A089ZEU2",1.50789436448584,-3.68398855509493,2.22150611000549,-1.6583292472177,0.0972510288097173,0.988190547661253
"A0A089Z8F8",0.669020059467563,-2.52003211604505,3.95990977070299,-0.636386246648664,0.524524702888252,0.988190547661253
"A0A090I521",4.02388321154021,-0.815995633022298,1.18951665241933,-0.685989247281793,0.492719889054039,0.988190547661253
"A0A090I494",6.72201686669567,0.652250528987949,0.857295898218268,0.760823107101681,0.44676273078987,0.988190547661253
"A0A090I3V1",12.2320544330658,1.14642513538583,0.676043152579913,1.69578691983027,0.0899262404913192,0.988190547661253
"A0A0S4FSL7",1.73512125243109,1.198102427847,3.25640450443064,0.367921867881237,0.71293149398564,0.988190547661253
"A0A090I3S2",3.07068457699061,-0.0857660727252147,1.38616634863236,-0.0618728573304598,0.950664082784452,0.988190547661253
"A0A090I8R0",2.86243530429579,0.855093808934183,1.41979461466172,0.602265848950215,0.546997189572014,0.988190547661253
"A0A090I3P4",4.32336261602461,0.371676968814407,1.00041897971799,0.371521308921168,0.710249287633441,0.988190547661253
"A0A090I2M9",3.12708852317528,-2.73602858943784,1.70717822873673,-1.60266136445662,0.109009437796637,0.988190547661253
"A0A090I333",1.21856521724081,-0.678238012525489,2.60886690538891,-0.259974171593235,0.794883696837256,0.988190547661253
"A0A090JW16",5.80471157439095,-1.03318414210089,1.17429154469471,-0.87983614185819,0.378948082487391,0.988190547661253
"A0A0S4FNG0",1.29578053217111,1.19554717929787,2.64334643763701,0.452285467494991,0.651063343834604,0.988190547661253
"A0A090I135",3.08309275544684,0.179698596060712,1.20007325059494,0.149739689616135,0.880969993398935,0.988190547661253
"A0A090JUT3",6.10615795965406,0.488495508128027,0.894136652007199,0.546332047826728,0.584837710608649,0.988190547661253
"A0A089ZH87",2.78956496559421,-0.849400488546892,1.32496067558006,-0.641075998859385,0.521473307077624,0.988190547661253
"A0A089ZBE1",3.15838486632,-0.89730910023785,1.69145178774213,-0.53049640949899,0.595767797776332,0.988190547661253
"A0A089Z9Y9",3.05349225983442,-0.110985028899735,1.50746162885536,-0.073623783700556,0.941309745838086,0.988190547661253
"A0A090I7B8",2.73150415370065,-1.47440257641589,1.49268569202335,-0.987751530208164,0.323274350833482,0.988190547661253
"A0A089ZA11",2.30303574112659,-4.30507783228275,1.95805922571298,-2.19864536054325,0.0279031489209578,0.988190547661253
"A0A090JUJ4",2.93918668273831,-0.0875181816188486,1.34201807967526,-0.0652138618281702,0.948003724480505,0.988190547661253
"A0A090I4F5",0.690805859470963,-2.5746263590791,3.7804620386978,-0.68103483984882,0.495849445601813,0.988190547661253
"A0A090I8J3",1.94642948881155,-2.14941506354741,1.84781566586905,-1.16321941806707,0.244740490044076,0.988190547661253
"A0A090JSU7",1.61812222440692,-0.163368400821873,2.46106981840821,-0.066381050874671,0.947074456135285,0.988190547661253
"A0A090I9D6",1.96800213125982,-1.67301281458627,1.69046589447631,-0.989675580000125,0.322332714721288,0.988190547661253
"A0A089ZFP6",1.99185611733277,-4.08655601089492,2.04158643053464,-2.00165711809946,0.0453216213578574,0.988190547661253
"A0A090I657",3.23060288499521,0.406217647687383,1.18720548906814,0.342162878648944,0.732228319570204,0.988190547661253
"A0A090I912",1.30196178447905,-1.52590503435964,2.54229222400351,-0.600208355260081,0.548367385982739,0.988190547661253
"A0A0S4FM80",1.35712404035226,-0.858178769572974,2.0673230578487,-0.415115947318856,0.678057025709748,0.988190547661253
"A0A090JWM7",2.48005776692487,-0.724928423341936,1.41434656380687,-0.512553600293488,0.608263617290734,0.988190547661253
"A0A089ZB18",6.03035371586877,-1.06637309056842,0.967735487825172,-1.10192620192623,0.270493756332789,0.988190547661253
"A0A090JUU7",5.6034385748915,-1.21825858725414,1.00877858336016,-1.20765706900341,0.227179197827038,0.988190547661253
"A0A090I9E4",3.07914261945773,-1.15401831885318,1.34273644240051,-0.85945259427833,0.390090863537929,0.988190547661253
"A0A090I7Q9",4.28693912312471,0.818963865163631,1.31050357164322,0.624923031790552,0.532021575236728,0.988190547661253
"A0A090I409",3.94272218032357,-0.147304796848567,1.09113802915373,-0.135001065779748,0.892611031675881,0.988190547661253
"A0A090I442",3.10686558485335,-0.113451982257313,1.19556892976159,-0.0948937191600798,0.924399245391756,0.988190547661253
"A0A090I6C9",6.58932469161354,0.200538105761093,0.955799467764993,0.209811903568041,0.833814482143273,0.988190547661253
"A0A089ZGX6",7.46684695009719,1.08443724769469,0.957322473849882,1.13278156244846,0.257305996026295,0.988190547661253
"A0A090I4R4",4.35012923216206,1.02824473494176,1.04041348571144,0.988303928258525,0.323003822147051,0.988190547661253
"A0A090I9E0",4.78424511362897,0.116717616633716,1.2478164086951,0.0935374914293467,0.925476566387216,0.988190547661253
"A0A090I6J2",1.24595267853399,-1.45160811459941,2.57321444598209,-0.564122479906794,0.57267078010132,0.988190547661253
"A0A090I455",2.22598260576644,0.113857651090256,1.812442874594,0.0628199943216203,0.949909844147567,0.988190547661253
"A0A090I5U3",2.38831425828439,-0.414185768553125,1.30749467144384,-0.316778169425155,0.751411930044581,0.988190547661253
"A0A0S4FRZ5",1.15197363387192,-2.17039960929536,2.6312835596508,-0.824844438120306,0.409459913990967,0.988190547661253
"A0A090I9B3",2.03747942328807,-2.91133775302921,1.88313485898119,-1.54600597994575,0.122103123618331,0.988190547661253
"A0A090I4X8",4.82622446021557,0.664801412645528,0.979148148221791,0.678958964333292,0.497163863174862,0.988190547661253
"A0A090JXZ1",1.42931728501093,-0.336343026317385,2.06845809331028,-0.162605675892188,0.870828917760802,0.988190547661253
"A0A090I7K3",3.67092245621572,0.5606137165831,1.17856757551824,0.475673799473558,0.634306789650112,0.988190547661253
"A0A090JU33",3.49632053120445,-0.269919474845811,1.12797834326187,-0.239294908859032,0.810876912893744,0.988190547661253
"A0A090I1J8",1.40457304733995,-0.428919825472435,2.63568208403974,-0.162735797336765,0.870726460477256,0.988190547661253
"A0A090JU20",1.13290378649894,-0.286886378506544,2.15722862620754,-0.132988397716053,0.894202556275134,0.988190547661253
"A0A090I465",2.51327289442395,-0.409455529687312,1.39654765206681,-0.293191234170449,0.769375983958116,0.988190547661253
"A0A0S4FLD6",3.207986715041,-0.6421009012031,1.28282262174437,-0.500537557039631,0.616696617943749,0.988190547661253
"A0A090I174",0.779183242843254,-0.462476384178144,2.98503689852598,-0.154931546878538,0.876875283110464,0.988190547661253
"A0A090JX27",1.85041158556196,-1.254966948062,1.6406290556558,-0.764930344087045,0.444313023753518,0.988190547661253
"K2REW5",1.88006391035877,-1.46035615702447,1.85770275520973,-0.786108624175239,0.431803852245253,0.988190547661253
"A0A090I950",1.16255611129575,-0.58036608423875,2.61312160481953,-0.222096852732895,0.824238487838075,0.988190547661253
"A0A090IB52",1.91321436131246,-2.93077687483873,1.92601787584569,-1.52167688140062,0.128090063102348,0.988190547661253
"K2QDZ9",1.07790285899645,-0.891710094204417,2.41721984732173,-0.368899045402274,0.712202974905444,0.988190547661253
"A0A0S4FSN1",0.401412035680538,-1.7827445314064,3.99458962174694,-0.446289781984354,0.655387936246844,0.988190547661253
"A0A090I4T1",0.966731497178191,-1.774238613244,2.75956349210901,-0.642941761737841,0.520261889918135,0.988190547661253
"A0A090JVX7",2.97998459585607,1.0418768184335,1.50407263925668,0.692703790521979,0.48849545983004,0.988190547661253
"A0A090IA04",1.09036286663708,-1.1934517504644,2.64546274067782,-0.451131566554823,0.651894727944354,0.988190547661253
"A0A090I582",3.09358363492014,-4.72303533725263,1.80968110118772,-2.60987161448105,0.00905762086666333,0.988190547661253
"A0A090I4P4",1.28493079569358,-1.46371413120722,2.0918640434423,-0.699717620653098,0.484103669997468,0.988190547661253
"A0A089ZFA3",1.93176929421268,-0.707386665058108,1.54447082859595,-0.458012318498226,0.646943591193296,0.988190547661253
"A0A090I4J8",1.94082782752176,-1.51203062003003,1.86534382652677,-0.810590840427202,0.417600678684087,0.988190547661253
"A0A0S4FN18",0.401412035680538,-1.7827445314064,3.99458962174694,-0.446289781984354,0.655387936246844,0.988190547661253
"A0A090I308",1.10885312299191,-0.804843271548409,2.6718697765282,-0.301228480002575,0.763240273900403,0.988190547661253
"A0A090I100",2.38811758085031,-2.25028597226079,1.75600779881906,-1.28147834751881,0.200025700488517,0.988190547661253
"A0A090I6B5",0.945976377319733,-3.03947157617931,3.39457910659591,-0.895389820279456,0.370578740448709,0.988190547661253
"A0A090I4G1",0.712591659474364,-2.62749728800575,3.69270848971668,-0.711536612034962,0.476751771431219,0.988190547661253
"A0A090JVY8",2.63853328748115,-2.44015591932404,1.71732780270171,-1.42090282093213,0.155345012808728,0.988190547661253
"A0A090I866",0.832927485284678,-1.50512539590051,2.84467862220567,-0.529102087016596,0.596734633760431,0.988190547661253
"A0A090I2X2",0.634796753525907,-2.45856222708132,3.83737737237219,-0.640688154566743,0.521725311762216,0.988190547661253
"A0A090I1G0",0.751569776633953,-2.68399069724112,2.83116248505437,-0.94801718778411,0.343120704255603,0.988190547661253
"A0A090I653",7.10195628553669,1.18453690634966,1.14950692556062,1.03047391886913,0.302787589311063,0.988190547661253
"A0A089ZUP9",1.46253241251001,0.121607415605706,2.51477470350909,0.0483571810373377,0.961431583938192,0.988190547661253
"A0A089ZGC1",0.76860076541942,-2.73129403590548,3.62944699670738,-0.752537242831565,0.451728041839063,0.988190547661253
"A0A090JU38",0.701388336894797,-0.215276963454043,3.95051218916519,-0.0544934310149627,0.956542042105747,0.988190547661253
"K2QYE4",0.267608023787025,-1.22344474420536,4.0312340152441,-0.303491372512463,0.761515421369367,0.988190547661253
"A0A090I4H6",1.17952242353583,-3.33774238470674,2.39349741888688,-1.39450427578025,0.16316537922523,0.988190547661253
"A0A090I618",0.76860076541942,-2.73129403590548,3.62944699670738,-0.752537242831565,0.451728041839063,0.988190547661253
"A0A090I298",2.67740632515718,0.824397286574982,1.44867477729306,0.569069952412244,0.569308668733135,0.988190547661253
"A0A090I583",1.43848174900298,-0.23545899060082,2.02967406304447,-0.116008276840093,0.907645982118702,0.988190547661253
"A0A090I3L1",1.25715600111356,-3.45079902143359,3.15589875282777,-1.09344414751632,0.274198839019126,0.988190547661253
"A0A090IA48",1.42433646887688,-2.51274543365393,2.0792828593645,-1.20846734360226,0.226867549712307,0.988190547661253
"A0A089ZDW1",5.44968938927054,1.43662395291019,0.992427876758372,1.44758524680174,0.147733079637938,0.988190547661253
"A0A089ZV26",1.38494008906986,-0.352747465109971,2.68940362740724,-0.13116196524582,0.895647183306331,0.988190547661253
"A0A090JSW7",0.617765764740441,-2.4001173582148,2.98516328487298,-0.804015435395831,0.421388060700685,0.988190547661253
"A0A089ZVR0",3.67884671526776,-1.08981020386077,1.12077533459687,-0.972371687901888,0.330865671599877,0.988190547661253
"A0A0S4FLK3",1.7594855995113,-1.05346514127174,2.02466699748483,-0.520315262994075,0.602843859521823,0.988190547661253
"A0A089ZH78",2.11260177813229,-1.1606823710561,1.84644133914766,-0.628605061231938,0.529607646025014,0.988190547661253
"A0A089ZI25",3.22721874198412,1.59560919942784,1.67201705666877,0.954301986970658,0.339930802558091,0.988190547661253
"A0A090I3N5",0.945355532164,0.853998060509201,2.85065293039463,0.299579809033778,0.76449768724428,0.988190547661253
"A0A090IAQ7",7.2615363949282,-0.946724110804822,1.62664777019642,-0.582009288151241,0.560560424609596,0.988190547661253
"A0A090I3M2",0.500992741632394,-2.12375290120718,3.97641722301842,-0.534087039185261,0.593281316398932,0.988190547661253
"A0A090I810",0.800969042846654,-0.549964637934398,2.85903197491536,-0.192360436245446,0.847459880926109,0.988190547661253
"A0A089ZA06",2.10700011684251,-0.698957941852751,1.89233318391251,-0.369363042298722,0.711857141338356,0.988190547661253
"A0A0S4FSE6",2.95379658577462,0.858755619748398,2.54059275466866,0.338013882063675,0.735352726485762,0.988190547661253
"A0A090I640",1.74619522191987,-3.87802049277712,2.2701782942577,-1.70824489978888,0.0875909104810723,0.988190547661253
"A0A089ZVK3",1.00794515035938,-0.296905797411746,2.08793477253507,-0.14220070536555,0.886921474651165,0.988190547661253
"K2RAP2",4.50423635408179,-0.112632818884461,1.05165969548989,-0.107100062280122,0.914709597760224,0.988190547661253
"A0A090I7B5",0.500992741632394,-2.12375290120718,3.97641722301842,-0.534087039185261,0.593281316398932,0.988190547661253
"A0A090JWU9",0.578787647580851,-2.33239513845586,3.94700567238628,-0.590927739165305,0.554568838962892,0.988190547661253
"A0A090I368",1.2658609483206,0.208463513189259,1.82947469564657,0.113947196802077,0.909279651548162,0.988190547661253
"A0A089ZDH3",0.267608023787025,-1.22344474420536,4.0312340152441,-0.303491372512463,0.761515421369367,0.988190547661253
"A0A090JY14",0.8901285997454,-2.91977895638161,2.6343340548854,-1.10835562064228,0.26770826314748,0.988190547661253
"A0A090I231",0.656582553529307,-2.51557437935875,3.79653822226679,-0.662596879600697,0.507588769196357,0.988190547661253
"A0A089ZVX2",0.901557927241083,-1.72190368765929,2.33690858252101,-0.736829716206415,0.461225909589142,0.988190547661253
"A0A089ZGN8",1.14070563474696,-3.26634389547313,2.4979403493793,-1.3076148500843,0.191003977470765,0.988190547661253
"A0A090JV74",1.0353619391346,-1.9595097731651,2.28536866703286,-0.857415173941791,0.391215476229131,0.988190547661253
"A0A0S4FPI8",0.345402929735482,-1.58031512868908,4.00749763453185,-0.394339628568162,0.693330309326974,0.988190547661253
"A0A090I7Z4",1.49070204732965,-3.68797922285717,2.25641574737593,-1.63444135999585,0.102166209680094,0.988190547661253
"A0A090I8C8",1.22332002845874,-0.637536879431224,2.12726167354807,-0.299698380955584,0.76440723368474,0.988190547661253
"A0A090I524",1.65279661947537,0.599034959822764,1.92353480507664,0.311424029470004,0.755478288641988,0.988190547661253
"A0A090I8S1",2.6756692234873,0.0808182911359289,1.23326018537567,0.0655322308254934,0.947750244992505,0.988190547661253
"K2R511",0.851311810956533,-2.84365783063606,3.64639888993948,-0.779853745151632,0.435476967156712,0.988190547661253
"A0A089ZHE0",2.34269095232909,-1.10164897976172,1.46406258289805,-0.752460306431065,0.451774291797133,0.988190547661253
"K2R423",0.462175952843528,-1.96452683711797,3.98438933430552,-0.493055942149887,0.62197306016326,0.988190547661253
"A0A090JW77",1.89754598827103,-0.697177052184946,1.5673208890729,-0.444820876851413,0.656449206046377,0.988190547661253
"A0A090JTT8",0.345402929735482,-1.58031512868908,4.00749763453185,-0.394339628568162,0.693330309326974,0.988190547661253
"A0A089ZG19",1.20859515731449,-0.931026800664387,2.17216830688989,-0.428616326695896,0.668202461957215,0.988190547661253
"A0A090I7Y5",2.59656353097922,-1.54981837763319,1.72456496604463,-0.898672075652658,0.368827355106743,0.988190547661253
"A0A090JTX4",3.1908072452458,0.493809958085565,1.21067537297324,0.407879741431298,0.683361966534646,0.988190547661253
"A0A0S4FS90",1.98895392855236,1.10277899062963,1.71326414660578,0.643671317592441,0.519788593005895,0.988190547661253
"A0A090I4Z6",1.73489524751497,-0.291073487835546,1.98430028686472,-0.146688225447699,0.88337811279657,0.988190547661253
"A0A090I5C9",0.634796753525907,-2.45856222708132,3.83737737237219,-0.640688154566743,0.521725311762216,0.988190547661253
"A0A090I4H9",1.13850544778872,-1.07708842949486,2.20900396995628,-0.487590083197619,0.625840221201722,0.988190547661253
"A0A090I3D2",1.88356203651565,-2.85602668585503,1.95177918072969,-1.46329395971284,0.143386959838629,0.988190547661253
"A0A090I6D0",1.70728178130567,-1.30221814854941,1.89645810072637,-0.686658011611561,0.492298262364323,0.988190547661253
"A0A089ZBN0",1.88550424327783,-2.15255631462252,1.95323118655111,-1.1020489174266,0.270440405529868,0.988190547661253
"A0A090I420",1.03435376069202,-1.10010879374698,2.69778459839634,-0.407782294554179,0.683433513418773,0.988190547661253
"A0A090IAE6",1.74625989846526,-1.32100334814371,1.89669384153746,-0.696476847878045,0.486130251451969,0.988190547661253
"A0A0S4FQI5",2.90220617002866,-0.42341536144655,1.78516751353568,-0.237185226728633,0.812513096719044,0.988190547661253
"A0A089ZA94",1.20509703115761,0.28087141716019,2.14741682506226,0.130795015612326,0.895937466088723,0.988190547661253
"A0A0S4FPY7",1.4681340737998,-0.470353941090292,2.49197809813637,-0.188747221110027,0.850290939617317,0.988190547661253
"A0A090I1Q2",3.32634750760977,-1.97924891745615,1.5895614394133,-1.24515408362365,0.213075117017787,0.988190547661253
"A0A089Z7Q8",0.617765764740441,-2.4001173582148,2.98516328487298,-0.804015435395831,0.421388060700685,0.988190547661253
"A0A090I1Y5",1.6074750704377,-3.78582363155177,2.18546543718442,-1.73227339455395,0.0832248966711824,0.988190547661253
"A0A090I431",2.48131445198593,-0.124139781623056,1.43162011303892,-0.0867127951699016,0.930899805654263,0.988190547661253
"A0A090I8F3",0.267608023787025,-1.22344474420536,4.0312340152441,-0.303491372512463,0.761515421369367,0.988190547661253
"A0A090JTZ4",1.57950801812636,-0.668454939641497,2.6226941009394,-0.254873391220908,0.798820888431066,0.988190547661253
"A0A0S4FPN3",1.3206133692046,-1.1237972312051,2.70927242827723,-0.414796688393456,0.678290744051559,0.988190547661253
"A0A090JWV3",2.22387907063353,-0.0827774577810326,1.45262262373911,-0.056984833106867,0.954557276935043,0.988190547661253
"A0A090I4C0",0.650980892239524,-1.18076325835768,3.02638172377116,-0.39015675024839,0.696420640658729,0.988190547661253
"A0A089ZVM8",0.495391080342611,-0.627210470963094,3.33225753894414,-0.188223888349828,0.850701146961215,0.988190547661253
"A0A090I4G2",1.74982270116753,-0.609370770551696,1.61585217836927,-0.377120369492385,0.706084154219154,0.988190547661253
"A0A090I8N6",0.500992741632394,-2.12375290120718,3.97641722301842,-0.534087039185261,0.593281316398932,0.988190547661253
"A0A089ZVK5",0.267608023787025,-1.22344474420536,4.0312340152441,-0.303491372512463,0.761515421369367,0.988190547661253
"A0A090I168",0.65674388190003,-2.4705051095659,3.91759460011515,-0.630617856552407,0.528290420415767,0.988190547661253
"A0A0S4FN48",0.962321844404073,-1.80937049752903,2.27657655251043,-0.794776918673697,0.426743279621291,0.988190547661253
"A0A090I5E9",5.25954168803499,1.48773594718099,1.28036295511249,1.16196422369177,0.245249997517005,0.988190547661253
"A0A090I3Z3",0.567584325001285,0.343789307368788,4.00243454980832,0.0858950478990973,0.931549848167176,0.988190547661253
"A0A089ZH11",0.500992741632394,-2.12375290120718,3.97641722301842,-0.534087039185261,0.593281316398932,0.988190547661253
"A0A090I2L4",1.61482668075835,0.182109247549812,1.94858965049225,0.093456951033178,0.925540548058504,0.988190547661253
"A0A089ZGF4",1.47949872475008,-1.69498298267767,1.97078253521238,-0.860055816607394,0.389758275091108,0.988190547661253
"K2R0W5",0.423197835683938,-1.87864171013162,3.98905480047772,-0.4709490854592,0.637677094155183,0.988190547661253
"A0A0S4FL46",1.47739518961718,-2.45235735341995,2.08266806710359,-1.17750754052253,0.23899298962683,0.988190547661253
"A0A090IAA4",2.01957551422504,-1.25233893466251,2.37300594271874,-0.527743699296309,0.597677238450937,0.988190547661253
"K2QDN1",1.36370455260258,-2.19962620807198,2.09646599132017,-1.04920672082395,0.294082986082103,0.988190547661253
"A0A090I260",0.423197835683938,-1.87864171013162,3.98905480047772,-0.4709490854592,0.637677094155183,0.988190547661253
"A0A089ZAI2",0.839947160006244,-0.568689124585269,2.42582692287236,-0.234431038431999,0.814650364726024,0.988190547661253
"A0A090I503",1.07333187785161,-1.11849029937324,2.1915914042204,-0.510355304925606,0.609802563492104,0.988190547661253
"A0A090JXY4",0.578787647580851,-2.33239513845586,3.94700567238628,-0.590927739165305,0.554568838962892,0.988190547661253
"A0A090I2H7",0.423197835683938,-1.87864171013162,3.98905480047772,-0.4709490854592,0.637677094155183,0.988190547661253
"A0A0S4FLM0",1.2299298681911,-2.23033974199548,2.16168431135417,-1.03176015585657,0.30218448893152,0.988190547661253
"A0A0S4FPE1",0.401412035680538,-1.7827445314064,3.99458962174694,-0.446289781984354,0.655387936246844,0.988190547661253
"A0A090I2J1",1.55651145717209,0.476918007398663,2.51133010690217,0.189906538406837,0.849382368801127,0.988190547661253
"K2QEI4",0.567584325001285,0.343789307368788,4.00243454980832,0.0858950478990973,0.931549848167176,0.988190547661253
"A0A090I609",0.617765764740441,-2.4001173582148,2.98516328487298,-0.804015435395831,0.421388060700685,0.988190547661253
"A0A090I4Q8",1.42332829043431,-1.70401172060994,2.56042327237902,-0.665519540847891,0.505718249354837,0.988190547661253
"A0A090I5P8",1.31814592319267,-0.863678928780319,2.53991848227923,-0.34004198749138,0.733824908451976,0.988190547661253
"A0A090I489",2.01054305112168,-0.923338640724393,1.64008299690264,-0.562982874932643,0.573446545200993,0.988190547661253
"A0A090I5J7",0.812333693796943,-2.78013024527305,2.73849342384528,-1.01520428023132,0.310008460713272,0.988190547661253
"K2QC11",0.211598917841969,-0.985253719154303,4.04353591969672,-0.243661423744246,0.807493052355919,0.988190547661253
"A0A090I525",0.578787647580851,-2.33239513845586,3.94700567238628,-0.590927739165305,0.554568838962892,0.988190547661253
"A0A0S4FPT9",0.656582553529307,-2.51557437935875,3.79653822226679,-0.662596879600697,0.507588769196357,0.988190547661253
"A0A090I8P6",0.517176880346012,-0.752587578012607,3.25372313016859,-0.231300435809857,0.817081408137016,0.988190547661253
"A0A090JTD5",2.1566328949241,-4.2303663761471,2.32153145522314,-1.82223090995788,0.0684199563759682,0.988190547661253
"A0A090I4P0",1.40645863001956,-1.59766707285717,2.09665521020726,-0.762007537090106,0.446055505768323,0.988190547661253
"A0A090I6X8",0.289393823790425,-1.35018207084636,4.02443176958123,-0.33549632548171,0.737250716111106,0.988190547661253
"A0A090I574",1.92467903787151,-0.144214852295686,1.68110916203176,-0.0857855370447156,0.931636903858156,0.988190547661253
"A0A090I806",0.678529681903431,-2.51637097720522,2.93940127749763,-0.85608283444289,0.391951962722852,0.988190547661253
"A0A090I8E3",1.70235721405879,1.82760877129327,1.81355451747064,1.00774956235792,0.313574705006075,0.988190547661253
"A0A090I5F2",2.09813826096751,1.80827809148555,1.48359057480572,1.21885250701485,0.222900178317315,0.988190547661253
"A0A090I360",6.48745961904371,3.11868837960683,1.2474803214613,2.49999004068746,0.0124196797955445,0.988190547661253
"A0A090IAT6",0.868181471371276,-2.91496166880547,3.47704188691207,-0.838345284184718,0.401836809859161,0.988190547661253
"A0A089Z9L4",1.29649212407795,-0.105659102514519,1.88761940666884,-0.0559747913913326,0.955361889223281,0.988190547661253
"A0A090I7X7",0.945129527247884,-1.84224174382753,2.34971601083567,-0.784027403878624,0.433024030657421,0.988190547661253
"A0A090I3M8",1.04011675035253,-1.95366349851313,2.2048768632031,-0.886064673777285,0.375582677738759,0.988190547661253
"A0A089Z8B7",0.211598917841969,-0.985253719154303,4.04353591969672,-0.243661423744246,0.807493052355919,0.988190547661253
"A0A089ZI49",1.35627719028041,-0.181349066943842,2.12522685752051,-0.0853316276811127,0.931997747969953,0.988190547661253
"A0A090I4E1",0.487524555549196,-0.40197124255669,3.30428241716151,-0.121651599896233,0.903174946122057,0.988190547661253
"A0A0S4FLU0",0.55971780020787,0.730716022715725,2.68865249468197,0.271777786144192,0.785792886621258,0.988190547661253
"K2RD75",0.423197835683938,-1.87864171013162,3.98905480047772,-0.4709490854592,0.637677094155183,0.988190547661253
"K2RPE1",0.328371940950015,-1.450659636642,4.01672141973164,-0.361155152437462,0.717983465854396,0.988190547661253
"K2R5U5",0.211598917841969,-0.985253719154303,4.04353591969672,-0.243661423744246,0.807493052355919,0.988190547661253
"A0A089Z928",2.72049750855516,0.511940345192893,1.41363000178468,0.362145925416535,0.717242985960654,0.988190547661253
"A0A090JX53",1.94669084279102,1.20575802919047,1.99473385191541,0.60447063052179,0.545530789677411,0.988190547661253
"K2RQD8",0.267608023787025,-1.22344474420536,4.0312340152441,-0.303491372512463,0.761515421369367,0.988190547661253
"A0A090JWI9",0.367188729738882,-1.69208232306017,4.00015704203792,-0.423003973413534,0.672292362049475,0.988190547661253
"A0A090I8U6",0.685655287307967,0.461628339244536,3.05646403929744,0.151033460007809,0.879949321374502,0.988190547661253
"A0A090I3L5",0.9395278659581,-0.856856696672995,2.31560135843399,-0.370036359476173,0.711355399257661,0.988190547661253
"A0A089ZC90",1.13969745630439,-2.13265720734701,2.21777171849669,-0.961621608554297,0.336239712987555,0.988190547661253
"A0A090I9F1",1.41788795751525,-0.924294326675434,2.01382897260255,-0.458973596690751,0.646253126685858,0.988190547661253
"K2R0A1",1.00198548326479,-3.11853710389369,3.33243148743029,-0.935814319261057,0.349368797604737,0.988190547661253
"A0A089ZGE0",0.65674388190003,-2.4705051095659,3.91759460011515,-0.630617856552407,0.528290420415767,0.988190547661253
"A0A090JU62",1.8919278468602,2.82890907934104,1.71399106238285,1.65048064801936,0.0988446681759683,0.988190547661253
"K2RB04",0.328371940950015,-1.450659636642,4.01672141973164,-0.361155152437462,0.717983465854396,0.988190547661253
"K2QYV5",0.633949903454058,-1.08333684525963,2.56206543020628,-0.422837306372933,0.67241396676721,0.988190547661253
"A0A090I2K2",0.723174136898198,-0.303343047119861,2.95092558855655,-0.102795898444949,0.918124960587601,0.988190547661253
"A0A089ZCI8",0.439381974397555,-0.40655059268634,3.4025184185234,-0.11948519969005,0.904890964968942,0.988190547661253
"K2R8M5",1.28509212406431,-1.44582112724438,2.69289807497073,-0.536901541384962,0.591335626239354,0.988190547661253
"K2R1L9",0.646358081910279,-0.458282984739992,3.23641196833252,-0.141602178345704,0.887394246202206,0.988190547661253
"A0A0S4FP85",0.633949903454058,-1.08333684525963,2.56206543020628,-0.422837306372933,0.67241396676721,0.988190547661253
"A0A090I6A2",1.29681121231605,0.18882375368787,2.11945835863788,0.089090570200786,0.929009931484244,0.988190547661253
"A0A090I4F8",0.367188729738882,-1.69208232306017,4.00015704203792,-0.423003973413534,0.672292362049475,0.988190547661253
"A0A089ZVW0",0.267608023787025,-1.22344474420536,4.0312340152441,-0.303491372512463,0.761515421369367,0.988190547661253
"A0A089ZV44",0.511575219056228,0.593195568617403,3.31140813061075,0.179136954799949,0.857830165569217,0.988190547661253
"K2REJ5",0.211598917841969,-0.985253719154303,4.04353591969672,-0.243661423744246,0.807493052355919,0.988190547661253
"K2RBN6",0.283792162500642,0.651028791426204,4.06890757278686,0.160000879789045,0.872880381175044,0.988190547661253
"K2R290",0.211598917841969,-0.985253719154303,4.04353591969672,-0.243661423744246,0.807493052355919,0.988190547661253
"A0A0S4FNA9",0.406166846898472,-1.77740092180559,3.47224782431323,-0.511887691126177,0.608729613227454,0.988190547661253
"A0A090JUV1",1.07227187022464,0.731920876590188,1.8641235446748,0.392635390868299,0.694588796381144,0.988190547661253
"A0A090I9J6",0.211598917841969,-0.985253719154303,4.04353591969672,-0.243661423744246,0.807493052355919,0.988190547661253
"A0A090I8L0",0.283792162500642,0.651028791426204,4.06890757278686,0.160000879789045,0.872880381175044,0.988190547661253
"A0A090I626",0.589370125004685,0.212586527306849,3.13838236115249,0.0677376121973812,0.945994507853543,0.988190547661253
"A0A090I5I0",1.11943560041574,0.732815200966748,2.13018635785358,0.34401459678164,0.730835308685253,0.988190547661253
"A0A090I4Y2",0.900711077169234,-0.689690695553972,2.41897829254332,-0.28511652943724,0.775554866749356,0.988190547661253
"A0A090I4S4",0.483961752846928,-2.04652421993242,3.24212116751021,-0.631230023245568,0.527890133832453,0.988190547661253
"A0A090I4Q2",0.406166846898472,-1.77740092180559,3.47224782431323,-0.511887691126177,0.608729613227454,0.988190547661253
"A0A089ZUR3",0.462175952843528,-1.96452683711797,3.98438933430552,-0.493055942149887,0.62197306016326,0.988190547661253
"A0A089ZJ52",1.2382474821113,-1.16143942466648,1.86363706327195,-0.623211164639194,0.533145765912523,0.988190547661253
"A0A089ZGY8",0.601778303460906,1.6291497958315,3.21108726759466,0.507351454528316,0.611908241310318,0.988190547661253
"A0A090I5Q4",0.211598917841969,-0.985253719154303,4.04353591969672,-0.243661423744246,0.807493052355919,0.988190547661253
"K2RR54",0.822916171220777,-0.514491747224896,3.02057247115799,-0.170329218099395,0.864751234266387,0.988190547661253
"A0A090I3L4",0.517176880346012,-0.752587578012607,3.25372313016859,-0.231300435809857,0.817081408137016,0.988190547661253
"A0A090I4X2",0.289393823790425,-1.35018207084636,4.02443176958123,-0.33549632548171,0.737250716111106,0.988190547661253
"A0A090I8N7",0.211598917841969,-0.985253719154303,4.04353591969672,-0.243661423744246,0.807493052355919,0.988190547661253
"A0A089ZAV8",1.12273114406431,0.220596316269215,2.71572969858468,0.0812291136279798,0.935259746685239,0.988190547661253
"K2RWA6",0.328371940950015,-1.450659636642,4.01672141973164,-0.361155152437462,0.717983465854396,0.988190547661253
"A0A090I1S6",0.500992741632394,-2.12375290120718,3.97641722301842,-0.534087039185261,0.593281316398932,0.988190547661253
"A0A090I0P3",0.345402929735482,-1.58031512868908,4.00749763453185,-0.394339628568162,0.693330309326974,0.988190547661253
"A0A089ZHU8",0.283792162500642,0.651028791426204,4.06890757278686,0.160000879789045,0.872880381175044,0.988190547661253
"A0A090I679",1.07689468055388,-0.179160242484545,2.17577813917268,-0.0823430658020444,0.934373909117558,0.988190547661253
"K2RRN0",1.34569471285657,-1.5267614171459,2.03682161735621,-0.749580328555052,0.453507502091224,0.988190547661253
"A0A0S4FM70",0.283792162500642,0.651028791426204,4.06890757278686,0.160000879789045,0.872880381175044,0.988190547661253
"A0A089ZAK4",0.289393823790425,-1.35018207084636,4.02443176958123,-0.33549632548171,0.737250716111106,0.988190547661253
"A0A0S4FM93",0.530065475411055,1.52819546430869,4.02565450401375,0.379614162811293,0.704231846080818,0.988190547661253
"A0A090I4P9",0.650980892239524,-1.18076325835768,3.02638172377116,-0.39015675024839,0.696420640658729,0.988190547661253
"A0A090I1M8",0.433780313107772,1.25958135971353,4.04082157923319,0.311714173718245,0.755257755232867,0.988190547661253
"A0A090I3X8",0.695560670688897,-2.57965191305606,2.8624052475302,-0.901218272738247,0.367472277340484,0.988190547661253
"A0A090I7C8",0.561756658795385,-2.27256261895289,3.09353359639376,-0.734617080481069,0.462572732655781,0.988190547661253
"A0A090JVY2",1.14552512251029,-0.477813858274583,2.16791614638576,-0.220402370761051,0.825557799207995,0.988190547661253
"A0A090I4Z8",0.367188729738882,-1.69208232306017,4.00015704203792,-0.423003973413534,0.672292362049475,0.988190547661253
"K2RTG9",1.00113863319294,-1.93040839151309,2.25034202572257,-0.857828885319443,0.390986957208559,0.988190547661253
"A0A090IB44",0.211598917841969,-0.985253719154303,4.04353591969672,-0.243661423744246,0.807493052355919,0.988190547661253
"A0A090I0V7",0.211598917841969,-0.985253719154303,4.04353591969672,-0.243661423744246,0.807493052355919,0.988190547661253
"K2RQ61",0.634796753525907,-2.45856222708132,3.83737737237219,-0.640688154566743,0.521725311762216,0.988190547661253
"A0A0S4FN19",3.3837979798884,1.23754851693828,1.87134361700811,0.661315487808094,0.508410011106023,0.988190547661253
"A0A090I5D6",0.539970858791984,-2.19497972844186,3.17796793041944,-0.690686557101966,0.489762539057339,0.988190547661253
"A0A090JW59",0.211598917841969,-0.985253719154303,4.04353591969672,-0.243661423744246,0.807493052355919,0.988190547661253
"A0A090JSW3",1.15112678380007,-1.26208483650982,2.15855032480101,-0.584690948368865,0.558755541453263,0.988190547661253
"A0A090I852",0.517176880346012,-0.752587578012607,3.25372313016859,-0.231300435809857,0.817081408137016,0.988190547661253
"A0A090JWB1",0.267608023787025,-1.22344474420536,4.0312340152441,-0.303491372512463,0.761515421369367,0.988190547661253
"A0A089ZI47",0.589370125004685,0.212586527306849,3.13838236115249,0.0677376121973812,0.945994507853543,0.988190547661253
"A0A090I0Y6",3.29653378493621,-0.123624376572137,3.01598474847551,-0.040989722058318,0.967304089586511,0.988190547661253
"A0A090I3C5",2.41164208440215,-4.38053475325537,3.76329512876043,-1.16401573710703,0.244417634292866,0.988190547661253
"A0A089ZD82",2.48943699035061,-4.42615246175142,3.73925992732261,-1.18369745558732,0.236532846543736,0.988190547661253
"A0A090I4J0",4.10990866966821,0.996149157077348,1.35012468951038,0.737820117517143,0.460623766662046,0.988190547661253
"A0A090I571",6.34869280875904,2.23184435099338,1.30186183097177,1.71434809585549,0.0864648149490027,0.988190547661253
"A0A089ZUX5",0.700154153536108,-2.61807438170435,3.9564619372963,-0.6617211092124,0.508149973661847,0.988190547661253
"A0A090I6V8",4.01754665244288,1.08093137797895,1.78103390489455,0.606912296845328,0.543909116987497,0.988190547661253
"A0A090I740",1.82786611373447,0.428686585275595,3.19484289341348,0.134180803118482,0.893259605520784,0.988190547661253
"A0A090JYJ5",3.80256968267718,2.22066990860123,1.713740051504,1.29580323845051,0.195043282079496,0.988190547661253
"A0A090I8U4",2.6231523386249,1.28599340944429,1.63443076364551,0.786814246310407,0.431390612583365,0.988190547661253
"A0A090I383",1.05387469719179,-1.94132030318913,3.57489045752096,-0.543043297761732,0.587099991556073,0.988190547661253
"A0A090JUG7",3.73405237266715,0.191070460508709,1.76754860793903,0.108099126468436,0.91391706107194,0.988190547661253
"A0A089ZVR2",2.72282170819597,-4.55491042903796,3.67417063787439,-1.23971118327621,0.215082239238098,0.988190547661253
"A0A090I1X5",1.00589344441087,-1.92152913209048,2.77438575429604,-0.692596236523727,0.488562972795294,0.988190547661253
"A0A090I8M1",0.863030899208281,-0.217074381821583,3.72318888589474,-0.0583033492187213,0.953506999764681,0.988190547661253
"A0A090I0T5",1.9778542643416,0.616844039593233,3.15512946285866,0.195505143879057,0.84499751114766,0.988190547661253
"A0A090JX22",1.30570841725441,-0.888071613765599,3.39614102044255,-0.261494327950456,0.793711323040786,0.988190547661253
"A0A090JYF1",1.93535459861732,-0.365406868150461,2.49393028747555,-0.146518477274816,0.883512104566237,0.988190547661253
"A0A090I314",3.42347711390801,0.848664561443489,1.3898514210238,0.61061531369903,0.54145428221699,0.988190547661253
"A0A090I3A4",1.90082505179856,1.45419308926002,1.98798831593485,0.731489756556333,0.464480059043377,0.988190547661253
"A0A090I4K5",0.994528793460584,-0.2539168058985,3.57694989377884,-0.0709869619197411,0.943408132192549,0.988190547661253
"A0A090I536",0.466769435690739,-2.04771794226448,3.98011830400415,-0.514486702619968,0.606911754893596,0.988190547661253
"A0A090I3L6",0.466769435690739,-2.04771794226448,3.98011830400415,-0.514486702619968,0.606911754893596,0.988190547661253
"A0A090I3Y5",0.766745736904998,-0.481850910582319,3.80975360110117,-0.126478234824175,0.899353376774129,0.988190547661253
"A0A089ZGH1",1.36669833933352,0.925962731145786,3.33402399329993,0.277731273982013,0.781218651513639,0.988190547661253
"A0A090JWN5",1.52228815123043,0.524738396282449,3.28407405981598,0.15978275359352,0.873052210162418,0.988190547661253
"A0A090I0K3",1.28890343338506,1.17870532952515,3.3619541935437,0.350601246081443,0.725887521573119,0.988190547661253
"A0A090JVT4",3.03509950650435,2.10633743031844,2.18131562455073,0.965627076894144,0.334230821291233,0.988190547661253
"A0A090I5M1",1.63702231575096,1.6102268162546,2.53518231021413,0.635152276728609,0.525329104901508,0.988190547661253
"A0A090I1I6",0.388974529742282,-1.79295654445224,3.99398327786911,-0.448914384390919,0.653493419055448,0.988190547661253
"A0A090I2G1",1.34484786278472,-0.856037853248865,2.59465972152373,-0.329922974541784,0.741458163398772,0.988190547661253
"A0A090I3X2",1.21671018872639,0.670600639518502,3.41264472555566,0.1965046740719,0.84421517460722,0.988190547661253
"A0A090IA01",0.505747552850328,-2.12644197678479,3.97628974902445,-0.534780438801396,0.592801690989599,0.988190547661253
"A0A090I2L0",0.778110387855287,-2.73738394772305,3.64752967750007,-0.750476127612809,0.452967996265404,0.988190547661253
"A0A090I5I4",0.311179623793826,-1.48280947915448,4.01436014170298,-0.369376295801264,0.71184726389675,0.988190547661253
"A0A090I4F2",1.13891528277793,0.923719719561009,3.44975271451851,0.267764038759496,0.788880953122116,0.988190547661253
"A0A090I2E9",0.388974529742282,-1.79295654445224,3.99398327786911,-0.448914384390919,0.653493419055448,0.988190547661253
"A0A090JW24",0.311179623793826,-1.48280947915448,4.01436014170298,-0.369376295801264,0.71184726389675,0.988190547661253
"A0A0S4FLL3",0.505747552850328,-2.12644197678479,3.97628974902445,-0.534780438801396,0.592801690989599,0.988190547661253
"A0A090I0S1",0.466769435690739,-2.04771794226448,3.98011830400415,-0.514486702619968,0.606911754893596,0.988190547661253
"A0A090I3K4",2.24465669219436,0.18724095175551,1.95981369426271,0.095540179305641,0.923885777732576,0.988190547661253
"A0A090I9P2",0.838938981563671,0.215529281146906,3.70401245197523,0.0581880552350659,0.953598835143345,0.988190547661253
"A0A090I8Q5",1.16300720042254,0.528152414037139,2.6597893448263,0.198569264541373,0.842599698144635,0.988190547661253
"A0A090I5E6",1.93047737659537,1.24877916133677,2.44254647895915,0.511261166202624,0.609168193559763,0.988190547661253
"A0A090I3L9",1.37910651778974,1.66092971109902,2.60915392456301,0.636577894260187,0.52439982800994,0.988190547661253
"A0A090I2W0",0.311179623793826,-1.48280947915448,4.01436014170298,-0.369376295801264,0.71184726389675,0.988190547661253
"A0A090JXR2",0.388974529742282,-1.79295654445224,3.99398327786911,-0.448914384390919,0.653493419055448,0.988190547661253
"A0A090I5D2",0.388974529742282,-1.79295654445224,3.99398327786911,-0.448914384390919,0.653493419055448,0.988190547661253
"A0A090I684",1.35553627089153,1.63918013242684,2.50219763209794,0.655096188806031,0.512405825736348,0.988190547661253
"A0A090I0L2",0.233384717845369,-1.13441103518692,4.0356201325903,-0.281099557915721,0.778634040236281,0.988190547661253
"A0A090JYQ2",1.03146805203266,1.64648084205525,2.73708146003018,0.601546160060979,0.547476276584229,0.988190547661253
"A0A090I528",0.383372868452499,-0.175732410491065,4.0351747628628,-0.0435501361944458,0.96526299950552,0.988190547661253
"A0A090I3N1",0.233384717845369,-1.13441103518692,4.0356201325903,-0.281099557915721,0.778634040236281,0.988190547661253
"A0A090I3I4",0.877917098723261,0.163274288510641,2.87528446081499,0.0567854383577621,0.954716113727113,0.988190547661253
"A0A089ZUT2",1.47810321302067,-3.67945408487836,3.93073743166672,-0.936072212617415,0.349236008804157,0.988190547661253
"A0A090I342",0.427952646901872,-1.87987108596019,3.98898611536726,-0.471265387141392,0.637451229922434,0.988190547661253
"A0A090JUH9",0.233384717845369,-1.13441103518692,4.0356201325903,-0.281099557915721,0.778634040236281,0.988190547661253
"A0A090I4A2",0.311179623793826,-1.48280947915448,4.01436014170298,-0.369376295801264,0.71184726389675,0.988190547661253
"A0A090I4V7",0.233384717845369,-1.13441103518692,4.0356201325903,-0.281099557915721,0.778634040236281,0.988190547661253
"A0A090I8N8",1.10570015527885,0.310320354769546,2.7413012862913,0.113201841884873,0.909870535442989,0.988190547661253
"A0A089ZC05",0.311179623793826,-1.48280947915448,4.01436014170298,-0.369376295801264,0.71184726389675,0.988190547661253
"A0A090I549",0.233384717845369,-1.13441103518692,4.0356201325903,-0.281099557915721,0.778634040236281,0.988190547661253
"A0A090I706",0.383372868452499,-0.175732410491065,4.0351747628628,-0.0435501361944458,0.96526299950552,0.988190547661253
"A0A089ZI10",0.233384717845369,-1.13441103518692,4.0356201325903,-0.281099557915721,0.778634040236281,0.988190547661253
"A0A090I1I5",0.233384717845369,-1.13441103518692,4.0356201325903,-0.281099557915721,0.778634040236281,0.988190547661253
"A0A090I2Q1",0.233384717845369,-1.13441103518692,4.0356201325903,-0.281099557915721,0.778634040236281,0.988190547661253
"A0A090I3E3",6.21321275652495,-0.622282117027198,2.34314883207715,-0.265575156178004,0.790566421175402,0.988190547661253
"A0A090JYM0",0.233384717845369,-1.13441103518692,4.0356201325903,-0.281099557915721,0.778634040236281,0.988190547661253
"A0A090I171",0.851347160019893,1.21140131174918,2.89626489351942,0.418263299900423,0.675754619315791,0.988190547661253
"A0A090I3Y4",0.533361019059629,0.432823161391435,4.00685219249771,0.108020745612189,0.913979235879169,0.988190547661253
"A0A089ZVS2",0.311179623793826,-1.48280947915448,4.01436014170298,-0.369376295801264,0.71184726389675,0.988190547661253
"A0A090I1N1",1.10926295798112,1.28660583686668,2.69685776598447,0.477075896658203,0.633308077629069,0.988190547661253
"A0A0S4FPQ0",0.622520575958375,-2.40564559595327,3.91103869315595,-0.615091228875588,0.538494474222175,0.988190547661253
"A0A090IA97",0.311179623793826,-1.48280947915448,4.01436014170298,-0.369376295801264,0.71184726389675,0.988190547661253
"A0A090I567",0.894883410963334,-2.92838823613241,3.5097676374098,-0.834353877139729,0.404081599799243,0.988190547661253
"A0A090JW98",1.70921556040963,2.06828634998545,2.50991147136238,0.824047530593891,0.409912551540263,0.988190547661253
"A0A090JXV9",1.75735814156128,2.1042947653879,2.40081360671211,0.87649235221959,0.380762432174663,0.988190547661253
"A0A090I8G0",0.383372868452499,-0.175732410491065,4.0351747628628,-0.0435501361944458,0.96526299950552,0.988190547661253
"A0A0S4FLH0",0.388974529742282,-1.79295654445224,3.99398327786911,-0.448914384390919,0.653493419055448,0.988190547661253
"A0A089ZG11",0.533361019059629,0.432823161391435,4.00685219249771,0.108020745612189,0.913979235879169,0.988190547661253
"A0A0S4FR34",0.983325470881018,1.58360571758021,3.55109600070149,0.44594843881083,0.655634491435707,0.988190547661253
"A0A090I4V1",0.311179623793826,-1.48280947915448,4.01436014170298,-0.369376295801264,0.71184726389675,0.988190547661253
"A0A090JWL7",0.853866435216229,-0.419294773448278,2.42578247344465,-0.172849288029059,0.862769893826185,0.988190547661253
"A0A0S4FN23",0.233384717845369,-1.13441103518692,4.0356201325903,-0.281099557915721,0.778634040236281,0.988190547661253
"A0A090JV79",0.551370858805633,-0.167104955985054,4.03483490096882,-0.0414155622439296,0.966964606564926,0.988190547661253
"A0A090I3B2",0.311179623793826,-1.48280947915448,4.01436014170298,-0.369376295801264,0.71184726389675,0.988190547661253
"A0A090I9W6",0.683349169666758,0.8752890904608,3.89057749493041,0.224976649765064,0.821997439428825,0.988190547661253
"A0A089ZJ62",0.233384717845369,-1.13441103518692,4.0356201325903,-0.281099557915721,0.778634040236281,0.988190547661253
"A0A090JTW9",0.155589811896913,-0.716889121454778,4.05721467928038,-0.176694894927752,0.859748051039634,0.988190547661253
"A0A090I5D7",0.605554263718302,1.29328904401252,4.00480149339789,0.322934618892989,0.746744757677183,0.988190547661253
"A0A090I306",0.683349169666758,0.8752890904608,3.89057749493041,0.224976649765064,0.821997439428825,0.988190547661253
"A0A089ZG68",0.155589811896913,-0.716889121454778,4.05721467928038,-0.176694894927752,0.859748051039634,0.988190547661253
"A0A090I666",0.500145891560545,-0.616835475186884,3.32256420164959,-0.18565043073679,0.852718902954842,0.988190547661253
"A0A090JT90",0.155589811896913,-0.716889121454778,4.05721467928038,-0.176694894927752,0.859748051039634,0.988190547661253
"A0A089ZVK9",0.155589811896913,-0.716889121454778,4.05721467928038,-0.176694894927752,0.859748051039634,0.988190547661253
"A0A090JXI6",1.66744033395319,2.35004245157702,2.01817234218596,1.16444091639449,0.244245374151426,0.988190547661253
"A0A090I1C7",0.755542414325432,1.69145054579601,3.80637317043259,0.444373283979348,0.656772725552813,0.988190547661253
"A0A090I6Y3",0.776071529267773,-0.163720547725248,2.47069035804919,-0.0662651016513937,0.947166766980708,0.988190547661253
"A0A0S4FMW1",0.233384717845369,-1.13441103518692,4.0356201325903,-0.281099557915721,0.778634040236281,0.988190547661253
"A0A090IAL7",0.233384717845369,-1.13441103518692,4.0356201325903,-0.281099557915721,0.778634040236281,0.988190547661253
"A0A090I8I8",0.233384717845369,-1.13441103518692,4.0356201325903,-0.281099557915721,0.778634040236281,0.988190547661253
"A0A090I182",0.233384717845369,-1.13441103518692,4.0356201325903,-0.281099557915721,0.778634040236281,0.988190547661253
"A0A089ZBW3",0.745938787862136,-0.91828489443767,3.02806690107259,-0.30325779595966,0.761693406577907,0.988190547661253
"A0A090I751",0.350157740953416,-1.57847681157048,4.00762296910484,-0.393868590867731,0.69367806068956,0.988190547661253
"A0A090I3G5",0.155589811896913,-0.716889121454778,4.05721467928038,-0.176694894927752,0.859748051039634,0.988190547661253
"A0A090I1U9",0.233384717845369,-1.13441103518692,4.0356201325903,-0.281099557915721,0.778634040236281,0.988190547661253
"A0A089ZE55",0.311179623793826,-1.48280947915448,4.01436014170298,-0.369376295801264,0.71184726389675,0.988190547661253
"A0A090JVQ8",0.155589811896913,-0.716889121454778,4.05721467928038,-0.176694894927752,0.859748051039634,0.988190547661253
"A0A089ZER4",0.350157740953416,-1.57847681157048,4.00762296910484,-0.393868590867731,0.69367806068956,0.988190547661253
"K2QYM4",72.2308296735603,1.58064780202204,1.22711693121541,1.28809876370662,0.197711585649278,0.988190547661253
"A0A089ZI83",0.155589811896913,-0.716889121454778,4.05721467928038,-0.176694894927752,0.859748051039634,0.988190547661253
"A0A089ZE18",0.155589811896913,-0.716889121454778,4.05721467928038,-0.176694894927752,0.859748051039634,0.988190547661253
"A0A090I6K4",0.155589811896913,-0.716889121454778,4.05721467928038,-0.176694894927752,0.859748051039634,0.988190547661253
"A0A0S4FN24",0.155589811896913,-0.716889121454778,4.05721467928038,-0.176694894927752,0.859748051039634,0.988190547661253
"A0A090IAS5",0.455566113111172,0.85034682927844,4.02860141602457,0.211077428979699,0.83282685250748,0.988190547661253
"A0A090IAI0",0.350157740953416,-1.57847681157048,4.00762296910484,-0.393868590867731,0.69367806068956,0.988190547661253
"A0A090I4U7",0.350157740953416,-1.57847681157048,4.00762296910484,-0.393868590867731,0.69367806068956,0.988190547661253
"A0A090I838",0.233384717845369,-1.13441103518692,4.0356201325903,-0.281099557915721,0.778634040236281,0.988190547661253
"A0A090I6P0",0.305577962504043,0.241790537138259,4.05677193995065,0.0596017081357549,0.952472857893821,0.988190547661253
"A0A090I4X6",0.155589811896913,-0.716889121454778,4.05721467928038,-0.176694894927752,0.859748051039634,0.988190547661253
"A0A090I4H1",0.544725670009918,-2.20413777425119,3.97270415511379,-0.554820517257484,0.579017431957816,0.988190547661253
"A0A090I2X5",0.155589811896913,-0.716889121454778,4.05721467928038,-0.176694894927752,0.859748051039634,0.988190547661253
"A0A090JUC2",0.155589811896913,-0.716889121454778,4.05721467928038,-0.176694894927752,0.859748051039634,0.988190547661253
"A0A090I3H5",0.911132226222345,0.920855499939697,3.61524790379996,0.254714344477399,0.798943736309859,0.988190547661253
"A0A090I564",0.233384717845369,-1.13441103518692,4.0356201325903,-0.281099557915721,0.778634040236281,0.988190547661253
"A0A089Z9R7",0.155589811896913,-0.716889121454778,4.05721467928038,-0.176694894927752,0.859748051039634,0.988190547661253
"A0A090I0P2",1.26705295683627,-0.71832215739756,2.64368276761694,-0.271712690416735,0.785842942743786,0.988190547661253
"A0A090I8I5",0.994690121831307,-0.133053755168626,2.79776465190032,-0.0475571649953658,0.96206917075785,0.988190547661253
"A0A090I915",0.350157740953416,-1.57847681157048,4.00762296910484,-0.393868590867731,0.69367806068956,0.988190547661253
"K2QXI5",0.155589811896913,-0.716889121454778,4.05721467928038,-0.176694894927752,0.859748051039634,0.988190547661253
"A0A090I1A0",0.353720543655684,0.250415909655625,4.05643397033295,0.0617330175930539,0.950775445867219,0.988190547661253
"A0A090I9R3",0.350157740953416,-1.57847681157048,4.00762296910484,-0.393868590867731,0.69367806068956,0.988190547661253
"A0A090I472",0.155589811896913,-0.716889121454778,4.05721467928038,-0.176694894927752,0.859748051039634,0.988190547661253
"A0A089ZV16",0.155589811896913,-0.716889121454778,4.05721467928038,-0.176694894927752,0.859748051039634,0.988190547661253
"A0A090I673",0.233384717845369,-1.13441103518692,4.0356201325903,-0.281099557915721,0.778634040236281,0.988190547661253
"A0A089ZHQ2",0.305577962504043,0.241790537138259,4.05677193995065,0.0596017081357549,0.952472857893821,0.988190547661253
"A0A090JSK7",0.155589811896913,-0.716889121454778,4.05721467928038,-0.176694894927752,0.859748051039634,0.988190547661253
"A0A090I8J8",0.155589811896913,-0.716889121454778,4.05721467928038,-0.176694894927752,0.859748051039634,0.988190547661253
"A0A089ZUW8",0.305577962504043,0.241790537138259,4.05677193995065,0.0596017081357549,0.952472857893821,0.988190547661253
"A0A090I449",0.155589811896913,-0.716889121454778,4.05721467928038,-0.176694894927752,0.859748051039634,0.988190547661253
"A0A090I0W7",0.455566113111172,0.85034682927844,4.02860141602457,0.211077428979699,0.83282685250748,0.988190547661253
"A0A0S4FP84",0.350157740953416,-1.57847681157048,4.00762296910484,-0.393868590867731,0.69367806068956,0.988190547661253
"A0A090JYR8",0.155589811896913,-0.716889121454778,4.05721467928038,-0.176694894927752,0.859748051039634,0.988190547661253
"A0A090JUS4",0.755542414325432,1.69145054579601,3.80637317043259,0.444373283979348,0.656772725552813,0.988190547661253
"A0A090IAE3",0.350157740953416,-1.57847681157048,4.00762296910484,-0.393868590867731,0.69367806068956,0.988190547661253
"A0A089ZV40",0.305577962504043,0.241790537138259,4.05677193995065,0.0596017081357549,0.952472857893821,0.988190547661253
"A0A090JYF6",0.233384717845369,-1.13441103518692,4.0356201325903,-0.281099557915721,0.778634040236281,0.988190547661253
"A0A089ZE26",0.155589811896913,-0.716889121454778,4.05721467928038,-0.176694894927752,0.859748051039634,0.988190547661253
"A0A0S4FMD8",0.305577962504043,0.241790537138259,4.05677193995065,0.0596017081357549,0.952472857893821,0.988190547661253
"A0A090I0S7",0.155589811896913,-0.716889121454778,4.05721467928038,-0.176694894927752,0.859748051039634,0.988190547661253
"A0A0S4FLN1",0.350157740953416,-1.57847681157048,4.00762296910484,-0.393868590867731,0.69367806068956,0.988190547661253
"K2RRP8",0.155589811896913,-0.716889121454778,4.05721467928038,-0.176694894927752,0.859748051039634,0.988190547661253
"A0A090I3E9",0.155589811896913,-0.716889121454778,4.05721467928038,-0.176694894927752,0.859748051039634,0.988190547661253
"A0A0S4FLN4",0.503708694262814,0.981019659587218,3.32659631763425,0.294901925546795,0.768068800954573,0.988190547661253
"A0A089ZF54",0.305577962504043,0.241790537138259,4.05677193995065,0.0596017081357549,0.952472857893821,0.988190547661253
"A0A090I4N0",0.677747508376975,2.23239271125873,3.91490583444586,0.570228967352602,0.56852241143517,0.988190547661253
"A0A090I385",0.47049356676373,-0.15279759398507,3.41704240596159,-0.0447163294545277,0.964333417694855,0.988190547661253
"A0A0S4FLC5",0.155589811896913,-0.716889121454778,4.05721467928038,-0.176694894927752,0.859748051039634,0.988190547661253
"A0A090I4P8",0.155589811896913,-0.716889121454778,4.05721467928038,-0.176694894927752,0.859748051039634,0.988190547661253
"A0A0S4FMB9",0.422350985612089,-0.163052002490001,3.51955714992807,-0.0463274200543479,0.963049284724013,0.988190547661253
"A0A090IAX7",0.155589811896913,-0.716889121454778,4.05721467928038,-0.176694894927752,0.859748051039634,0.988190547661253
"A0A089ZES5",0.311179623793826,-1.48280947915448,4.01436014170298,-0.369376295801264,0.71184726389675,0.988190547661253
"A0A090I3Q1",1.12215155304616,3.01853790799777,2.61799891653289,1.15299433049243,0.24891271157129,0.988190547661253
"A0A090I290",0.155589811896913,-0.716889121454778,4.05721467928038,-0.176694894927752,0.859748051039634,0.988190547661253
"A0A089ZBK5",0.761144075615215,0.5252052361251,3.78418493775487,0.138789526612487,0.889616470435826,0.988190547661253
"A0A090I669",0.47049356676373,-0.15279759398507,3.41704240596159,-0.0447163294545277,0.964333417694855,0.988190547661253
"A0A090I495",0.227783056555586,0.782175336636634,4.07342877688301,0.192018905811127,0.847727396290701,0.988190547661253
"A0A090JU28",0.227783056555586,0.782175336636634,4.07342877688301,0.192018905811127,0.847727396290701,0.988190547661253
"A0A089ZII9",1.16316852879326,0.748981489273546,2.24705396189679,0.333317090721449,0.738894939775312,0.988190547661253
"A0A090I7D4",0.227783056555586,0.782175336636634,4.07342877688301,0.192018905811127,0.847727396290701,0.988190547661253
"A0A0S4FN28",0.155589811896913,-0.716889121454778,4.05721467928038,-0.176694894927752,0.859748051039634,0.988190547661253
"K2RAZ5",0.227783056555586,0.782175336636634,4.07342877688301,0.192018905811127,0.847727396290701,0.988190547661253
"K2RD45",0.466769435690739,-2.04771794226448,3.98011830400415,-0.514486702619968,0.606911754893596,0.988190547661253
"A0A090I5I9",0.377771207162716,1.39073073825362,4.04537429350251,0.343782957361288,0.731009517976723,0.988190547661253
"A0A089ZH81",0.377771207162716,1.39073073825362,4.04537429350251,0.343782957361288,0.731009517976723,0.988190547661253
"K2RDN6",0.233384717845369,-1.13441103518692,4.0356201325903,-0.281099557915721,0.778634040236281,0.988190547661253
"K2RFA3",0.233384717845369,-1.13441103518692,4.0356201325903,-0.281099557915721,0.778634040236281,0.988190547661253
"K2RPK7",0.233384717845369,-1.13441103518692,4.0356201325903,-0.281099557915721,0.778634040236281,0.988190547661253
"A0A090I4E3",0.227783056555586,0.782175336636634,4.07342877688301,0.192018905811127,0.847727396290701,0.988190547661253
"A0A090JYG5",0.677747508376975,2.23239271125873,3.91490583444586,0.570228967352602,0.56852241143517,0.988190547661253
"A0A090I2J4",0.305577962504043,0.241790537138259,4.05677193995065,0.0596017081357549,0.952472857893821,0.988190547661253
"A0A089ZGJ2",0.227783056555586,0.782175336636634,4.07342877688301,0.192018905811127,0.847727396290701,0.988190547661253
"K2RW50",1.28862559928454,0.0846171515283654,1.92447513776962,0.0439689502179971,0.964929154057714,0.988190547661253
"K2QZG7",0.275925637707227,0.790797521104233,4.07309228946104,0.194151633428584,0.846057153104525,0.988190547661253
"A0A0S4FLJ8",0.227783056555586,0.782175336636634,4.07342877688301,0.192018905811127,0.847727396290701,0.988190547661253
"A0A090IB32",0.350157740953416,-1.57847681157048,4.00762296910484,-0.393868590867731,0.69367806068956,0.988190547661253
"A0A090I6L6",0.227783056555586,0.782175336636634,4.07342877688301,0.192018905811127,0.847727396290701,0.988190547661253
"A0A090I6E5",0.350157740953416,-1.57847681157048,4.00762296910484,-0.393868590867731,0.69367806068956,0.988190547661253
"A0A090I4N4",0.350157740953416,-1.57847681157048,4.00762296910484,-0.393868590867731,0.69367806068956,0.988190547661253
"A0A090IAX4",0.377771207162716,1.39073073825362,4.04537429350251,0.343782957361288,0.731009517976723,0.988190547661253
"A0A090I4T2",0.227783056555586,0.782175336636634,4.07342877688301,0.192018905811127,0.847727396290701,0.988190547661253
"A0A090I4I3",0.422350985612089,-0.163052002490001,3.51955714992807,-0.0463274200543479,0.963049284724013,0.988190547661253
"A0A090I0P8",0.227783056555586,0.782175336636634,4.07342877688301,0.192018905811127,0.847727396290701,0.988190547661253
"A0A089ZH31",1.33424890523984,1.42377583914422,1.93780652268538,0.734735806942776,0.462500408649244,0.988190547661253
"A0A090I4D4",1.36109667804373,1.70147677280382,3.31267046835943,0.513626933030396,0.607512845602418,0.988190547661253
"A0A090I6H9",0.155589811896913,-0.716889121454778,4.05721467928038,-0.176694894927752,0.859748051039634,0.988190547661253
"A0A090I6Q6",0.39578104690872,0.790797521104232,4.07309228946104,0.194151633428584,0.846057153104525,0.988190547661253
"A0A090I188",0.155589811896913,-0.716889121454778,4.05721467928038,-0.176694894927752,0.859748051039634,0.988190547661253
"A0A0S4FMY6",0.275925637707227,0.790797521104233,4.07309228946104,0.194151633428584,0.846057153104525,0.988190547661253
"A0A0S4FPL3",0.272362835004959,-1.1314796484883,4.03576873554937,-0.280362855909354,0.779199131416132,0.988190547661253
"A0A089ZUW3",0.155589811896913,-0.716889121454778,4.05721467928038,-0.176694894927752,0.859748051039634,0.988190547661253
"K2RBU1",13.2394255866729,0.586177544737909,2.81147133011259,0.20849493945024,0.834842533556213,0.988190547661253
"A0A090I0Y8",0.305577962504043,0.241790537138259,4.05677193995065,0.0596017081357549,0.952472857893821,0.988190547661253
"A0A089ZH29",7.1990133750906,-5.94201079226722,3.27712761866584,-1.81317650201437,0.069804602832625,0.988190547661253
"A0A090I897",4.40631829398749,0.915312891089052,2.98757347553796,0.306373349001646,0.759320397763451,0.988190547661253
"K2QBS7",1.16740757433902,-3.30126446073056,3.93786440918206,-0.838338784096499,0.401840459452375,0.988190547661253
"A0A090I4M6",2.70687156260459,0.928612307097598,2.07421559717811,0.44769324286296,0.654374598970514,0.988190547661253
"A0A089ZHQ4",2.9226856031752,1.06518998876483,3.08885944415825,0.344848967077266,0.730207918094173,0.988190547661253
"A0A089ZCC0",0.583703787169508,-2.28046824143921,3.96935904849647,-0.574518004941632,0.565617320195244,0.988190547661253
"K2RRA6",0.97996525068705,-0.439269927729968,3.72299669497105,-0.117988266904272,0.906076954596186,0.988190547661253
"A0A090I689",1.33364454020516,0.460640393216231,3.46008258406616,0.133129884048867,0.894090661446108,0.988190547661253
"K2RRX2",0.583703787169508,-2.28046824143921,3.96935904849647,-0.574518004941632,0.565617320195244,0.988190547661253
"K2R1B6",1.42136960355108,1.49596893422146,2.72084654604827,0.549817458979518,0.582444582503754,0.988190547661253
"A0A090IAZ4",0.539124008720135,-0.716808924063743,4.00076351135502,-0.17916803180925,0.85780576444674,0.988190547661253
"A0A090I4F4",0.389135858113005,-1.67547081343171,4.00121394872174,-0.418740620947542,0.675405705127436,0.988190547661253
"A0A090JSM8",0.887242891086036,0.535968943695593,2.96645195040822,0.180676765595963,0.856621296992342,0.988190547661253
"A0A090I544",4.78693480687141,3.6810678103844,2.37527644964824,1.54974289873902,0.121203237231607,0.988190547661253
"A0A090JVR0",0.389135858113005,-1.67547081343171,4.00121394872174,-0.418740620947542,0.675405705127436,0.988190547661253
"A0A090I929",0.583703787169508,-2.28046824143921,3.96935904849647,-0.574518004941632,0.565617320195244,0.988190547661253
"K2REI5",1.04079384439543,2.62205840975622,2.71751733314719,0.964872745344951,0.334608554043901,0.988190547661253
"A0A090JUS9",0.389135858113005,-1.67547081343171,4.00121394872174,-0.418740620947542,0.675405705127436,0.988190547661253
"A0A090I4B6",0.344556079663632,0.651028791426204,4.06890757278686,0.160000879789045,0.872880381175044,0.988190547661253
"A0A089ZFS2",1.78317658582894,4.68002958856796,3.9395460041126,1.18796165438412,0.234848517322467,0.988190547661253
"A0A0S4FPQ4",0.990653658793855,3.83584137596234,3.96527059513886,0.967359297159897,0.333364450177909,0.988190547661253
"K2R140",2.65885968615245,5.23828674441403,2.68777447675584,1.94893090536996,0.0513036766951873,0.988190547661253
"K2R0Q6",0.594392195276313,3.1038554375126,4.00311896798061,0.775359279186836,0.438127390090982,0.988190547661253
"K2QZS6",1.48219819725946,4.39585992671979,2.29841465332285,1.91256173918167,0.0558041817289511,0.988190547661253
"A0A089ZA12",0.396261463517542,2.57652089983861,4.03689974832482,0.638242478255197,0.523315849643776,0.988190547661253
"A0A089ZDP9",0.396261463517542,2.57652089983861,4.03689974832482,0.638242478255197,0.523315849643776,0.988190547661253
"K2RR02",1.36234278805797,4.29698421922367,2.37864563131657,1.80648355629388,0.0708428403923226,0.988190547661253
"K2R4C2",0.396261463517542,2.57652089983861,4.03689974832482,0.638242478255197,0.523315849643776,0.988190547661253
"A0A090I2S7",0.79808333418729,3.5503358409408,3.60760751355514,0.98412474960229,0.325054179301747,0.988190547661253
"K2QCN1",0.516116872719035,2.84782606799445,4.02137117080516,0.708172896018513,0.478837895533378,0.988190547661253
"A0A0S4FSQ1",0.79808333418729,3.5503358409408,3.60760751355514,0.98412474960229,0.325054179301747,0.988190547661253
"K2QD49",0.396261463517542,2.57652089983861,4.03689974832482,0.638242478255197,0.523315849643776,0.988190547661253
"K2Q9U8",0.792522927035084,3.51587502596258,3.97956235146972,0.883482834403663,0.376975453030745,0.988190547661253
"K2RR15",0.396261463517542,2.57652089983861,4.03689974832482,0.638242478255197,0.523315849643776,0.988190547661253
"K2QBL8",0.348118882365901,2.4482115834885,4.04380926514665,0.605422121312568,0.54489855631354,0.988190547661253
"K2RTL1",0.516116872719035,2.84782606799445,4.02137117080516,0.708172896018513,0.478837895533378,0.988190547661253
"A0A090I5C2",9.22159808784765,7.03762778695864,3.10157491520313,2.26904975032587,0.0232653006343396,0.988190547661253
"A0A0S4FQL4",3.81583369152317,5.75786669956848,3.45213695327437,1.66791375240983,0.0953328492367045,0.988190547661253
"A0A089ZUU9",3.17986140960264,5.49313423588516,3.56073480485575,1.5426968131393,0.122904355485964,0.988190547661253
"A0A0S4FLJ3",1.58993070480132,4.48363137076994,3.94428586314047,1.13674097830223,0.255646583288089,0.988190547661253
"K2QF40",1.27194456384106,4.1555166970778,3.95376558990058,1.05102758435972,0.293245921034862,0.988190547661253
"A0A0S4FPE3",1.27194456384106,4.1555166970778,3.95376558990058,1.05102758435972,0.293245921034862,0.988190547661253
"K2RCU3",0.635972281920528,3.12568205151095,4.00170185854205,0.781088187476749,0.434750628956856,0.988190547661253
"A0A090I8K7",4.64963266882102,6.06712204397117,3.26852139260791,1.85622834156526,0.0634210180159075,0.988190547661253
"A0A089ZGB0",1.64986965667843,4.5803874038295,3.94187141086616,1.16198295845045,0.24524238725283,0.988190547661253
"A0A0S4FMY2",1.64986965667843,4.5803874038295,3.94187141086616,1.16198295845045,0.24524238725283,0.988190547661253
"A0A089ZV53",1.04991705424991,3.93767770724774,3.9613320205899,0.994028697110162,0.32020889660376,0.988190547661253
"A0A089ZCI7",1.19990520485704,4.12716545088324,3.95468826230197,1.04361334627192,0.296664315575184,0.988190547661253
"A0A090I6Y8",0.749940753035649,3.46193225710589,3.9822895706977,0.869332125563976,0.384665496178797,0.988190547661253
"A0A089ZHI2",0.899928903642778,3.7193896751389,3.97011926072486,0.936845830283654,0.348837866824237,0.988190547661253
"A0A089ZAD0",0.749940753035649,3.46193225710589,3.9822895706977,0.869332125563976,0.384665496178797,0.988190547661253
"A0A090I5T7",0.599952602428519,3.14798812200373,4.00027474962421,0.786942977429102,0.431315247389391,0.988190547661253
"A0A090I148",0.749940753035649,3.46193225710589,3.9822895706977,0.869332125563976,0.384665496178797,0.988190547661253
"A0A0S4FPJ4",0.449964451821389,2.75084787613828,4.02836304803613,0.68286990108286,0.494689054731527,0.988190547661253
"A0A090JWU4",0.599952602428519,3.14798812200373,4.00027474962421,0.786942977429102,0.431315247389391,0.988190547661253
"A0A090I6B3",0.449964451821389,2.75084787613828,4.02836304803613,0.68286990108286,0.494689054731527,0.988190547661253
"A0A090I410",0.299976301214259,2.30790568947193,4.05202470195655,0.569568514317679,0.568970388646599,0.988190547661253
"A0A090I8R1",0.299976301214259,2.30790568947193,4.05202470195655,0.569568514317679,0.568970388646599,0.988190547661253
"A0A090I6W5",0.299976301214259,2.30790568947193,4.05202470195655,0.569568514317679,0.568970388646599,0.988190547661253
"A0A0S4FSI3",0.299976301214259,2.30790568947193,4.05202470195655,0.569568514317679,0.568970388646599,0.988190547661253
"A0A090I251",0.299976301214259,2.30790568947193,4.05202470195655,0.569568514317679,0.568970388646599,0.988190547661253
"A0A0S4FLE4",0.299976301214259,2.30790568947193,4.05202470195655,0.569568514317679,0.568970388646599,0.988190547661253
"A0A0S4FLY1",0.299976301214259,2.30790568947193,4.05202470195655,0.569568514317679,0.568970388646599,0.988190547661253
"K2R956",0.299976301214259,2.30790568947193,4.05202470195655,0.569568514317679,0.568970388646599,0.988190547661253
"A0A090I4H2",1.34989335546417,4.29458986860815,3.94948810474365,1.08737885890832,0.276869410376293,0.988190547661253
"A0A090I3I8",0.299976301214259,2.30790568947193,4.05202470195655,0.569568514317679,0.568970388646599,0.988190547661253
"A0A0S4FP58",0.299976301214259,2.30790568947193,4.05202470195655,0.569568514317679,0.568970388646599,0.988190547661253
"A0A0S4FR49",0.449964451821389,2.75084787613828,4.02836304803613,0.68286990108286,0.494689054731527,0.988190547661253
"A0A090I5C4",0.916895215882851,0.108675862293497,2.92276163694011,0.0371825950224501,0.970339416175581,0.98995544210905
"A0A090I0T1",11.1053836115521,0.0240270686345485,0.700024813551959,0.0343231670783697,0.972619451094425,0.990946062555155
"A0A089ZE87",5.54394541683372,0.0267881771262352,1.05115606674752,0.02548449081317,0.979668519008874,0.99544841461707
"K2R2B6",0.737254740478906,0.0805291622052851,3.14698969948711,0.0255892678067582,0.979584946318065,0.99544841461707
"A0A090I8W8",32.7189162154513,-0.0064725461610102,0.54445990329121,-0.0118880125457986,0.990514961743525,0.997428736221801
"A0A090I552",6.77161521641935,-0.0070986946170725,0.871520802201264,-0.00814518092872,0.993501157751943,0.997428736221801
"A0A090IAU5",2.44788616693172,-0.00742194856956268,1.30180505716158,-0.00570127495567215,0.995451065379492,0.997428736221801
"A0A090I8Z8",2.38793977235854,-0.00955776502527518,1.89064142816548,-0.00505530286329822,0.99596646907541,0.997428736221801
"A0A090I4Y9",2.41268401002952,0.0132134690054983,1.48368014208049,0.00890587440697945,0.992894234242173,0.997428736221801
"A0A090JUW9",0.754285729264372,-0.00712254088693829,2.21017991974414,-0.00322260682187486,0.997428736221801,0.997428736221801
"A0A089ZGT2",0.40972964960074,-0.0205757736885354,3.51634544615337,-0.00585146539315239,0.995331232747571,0.997428736221801
"A0A090I8S7",0.361587068449099,-0.0280209289524259,3.64282376905,-0.00769209018303221,0.993862660525322,0.997428736221801
"K2RAP6",0.40972964960074,-0.0205757736885354,3.51634544615337,-0.00585146539315239,0.995331232747571,0.997428736221801
"A0A090JWA7",0.916733887512128,-0.0385107341805449,3.63656687797046,-0.0105898600171042,0.991550672116754,0.997428736221801
"A0A090I116",0.916733887512128,-0.0385107341805449,3.63656687797046,-0.0105898600171042,0.991550672116754,0.997428736221801
"A0A090I744",0.650134042167675,0.0117928009609839,3.09597464479209,0.00380907543310188,0.996960804870305,0.997428736221801
