;baseMean;log2FoldChange;lfcSE;stat;pvalue;padj
A0A090I4G9;75.98157709;-3.165890999;0.40207805;-7.87382201;3.44E-15;1.34E-12
A0A090JW98;39.57297433;8.959516581;1.300788848;6.887756299;5.67E-12;1.10E-09
A0A089ZAY7;23.28262519;-7.796135517;1.56660463;-4.97645377;6.48E-07;8.40E-05
A0A090I333;21.92007506;-7.709437181;1.608184671;-4.793875555;1.64E-06;0.000159091
A0A090I3G7;147.7986425;0.91754899;0.201482617;4.553985859;5.26E-06;0.000341276
A0A090JSM8;20.33892218;-7.601233625;1.658433176;-4.583382518;4.58E-06;0.000341276
A0A090I4H6;15.62794771;-7.220574212;1.849927238;-3.903166602;9.49E-05;0.005276079
A0A090JTB4;14.02223332;-7.064221565;1.923782136;-3.672048634;0.000240614;0.010399866
A0A090I806;14.18651799;-7.080986909;1.915746685;-3.696202094;0.000218849;0.010399866
A0A090JVC3;128.525956;0.682015583;0.21694378;3.143743438;0.001668016;0.064885827
A0A090I2M3;158.2636492;0.612583933;0.204758845;2.991733681;0.002773981;0.097088234
A0A090I912;9.518987943;-6.505862231;2.222247947;-2.927604113;0.003415847;0.097088234
A0A090I1U9;12.28279437;-6.874300004;2.367734236;-2.903324156;0.003692243;0.097088234
A0A090I7B8;9.739467977;-6.539415898;2.211183633;-2.957427778;0.003102174;0.097088234
A0A090JXV9;10.79215437;7.090028703;2.445695893;2.898982136;0.003743762;0.097088234
A0A090JW77;9.145230235;-6.447488974;2.255437315;-2.858642504;0.00425458;0.103439467
A0A090I5I4;11.67504884;-6.799988249;2.408962315;-2.822787309;0.004760814;0.108938634
A0A090I2R9;111.049675;0.717539099;0.257704808;2.784345024;0.005363595;0.115913238
A0A090I8U6;9.536068401;6.911417538;2.546056784;2.7145575;0.006636438;0.135872333
A0A090I2W9;38.43914264;-1.497075935;0.562005464;-2.663810286;0.007726112;0.150272882
A0A090I2G6;123.6908317;0.625078385;0.239811319;2.606542458;0.009146148;0.169421511
A0A090I503;7.641659821;-6.1895062;2.420868263;-2.55672987;0.010566123;0.186828272
A0A090I1H9;40.83293611;-1.308913366;0.525871373;-2.489037116;0.012808959;0.189579569
A0A090I3T1;89.1922333;0.689314157;0.281757419;2.446480945;0.014425842;0.189579569
A0A090I8L6;153.4111899;0.522775251;0.210845165;2.479427268;0.013159356;0.189579569
A0A090IB58;7.079055919;-6.079207348;2.489385871;-2.442051038;0.014604082;0.189579569
A0A090I308;9.280348491;-6.470186602;2.589667999;-2.498461812;0.012473358;0.189579569
A0A090JWG4;9.325850299;-6.477393734;2.588131136;-2.502730115;0.012323948;0.189579569
A0A090JYP3;8.707721257;-6.378120411;2.649781922;-2.407035975;0.016082586;0.189579569
A0A090I2L0;9.214623343;-6.458287788;2.605051245;-2.479140401;0.013169945;0.189579569
A0A090I915;7.719132628;6.606488397;2.736696336;2.414037798;0.015776826;0.189579569
A0A090IAN2;10.02593248;6.982296374;2.873361881;2.430009397;0.015098431;0.189579569
A0A090JYG5;9.899942077;6.964980371;2.88215261;2.416589721;0.015666665;0.189579569
A0A090I6T8;8.663920068;-6.36930703;2.659830671;-2.394628764;0.016637201;0.190349148
A0A089ZVR9;8.226097638;-6.296191598;2.697120943;-2.334412038;0.019574157;0.217552774
A0A090I7T4;87.50970052;0.612693181;0.277552434;2.207486249;0.027280107;0.28973115
A0A090I1C7;7.429459184;-6.149230509;2.790637178;-2.203522034;0.027557976;0.28973115
A0A089ZFY2;9.286650597;-6.470296002;2.971217317;-2.177658283;0.029431487;0.293489089
A0A090I3Y5;7.205447965;-6.105274801;2.82033482;-2.164734044;0.030408058;0.293489089
A0A090I810;7.10044302;-6.084032347;2.832660467;-2.147815602;0.031728407;0.293489089
A0A090I360;17.5023117;3.344680885;1.56372498;2.138918882;0.032442239;0.293489089
A0A090I1N1;29.66650418;8.545940823;3.908491355;2.186506262;0.028778587;0.293489089
A0A090I495;7.952412488;6.649087723;3.092179392;2.150291714;0.031532147;0.293489089
A0A090I5S9;8.887627785;-6.40798326;3.008928257;-2.129656381;0.033199993;0.293518117
A0A090I4A5;8.707087817;-6.375265448;3.039080822;-2.097761074;0.035926257;0.310562531
A0A090I921;8.501209186;-6.343867293;3.051574157;-2.078883542;0.037628056;0.318202471
A0A090I8K7;20.37959484;8.003964562;3.909280802;2.04742636;0.04061624;0.336164203
A0A090I6W9;47.87043975;-0.871936739;0.435659187;-2.001419378;0.045347214;0.367501381
A0A090I9S3;25.82667142;-2.106144489;1.068502022;-1.971118861;0.048710282;0.386699992
A0A090I564;7.470759588;-6.157498667;3.178331582;-1.937336778;0.052704189;0.410038593
A0A090I3L1;16.85368253;-3.669689364;1.903893542;-1.927465629;0.053921628;0.411284571
A0A089ZED6;17.16763004;-7.356576183;3.909007226;-1.881955125;0.059842109;0.447665006
A0A089ZC90;15.75595033;-7.232460426;3.909208627;-1.850108581;0.064297901;0.471922333
A0A090JTE0;43.95186631;-0.866838788;0.485585204;-1.785142504;0.074238205;0.534790033
A0A090I5W3;35.30194699;-1.242066087;0.832733985;-1.491552056;0.135816615;0.960593877
A0A089Z8Q6;15.37713393;-0.781373713;1.231840128;-0.634314223;0.525875777;0.996629618
A0A089Z979;18.6079703;-0.851182766;1.147714988;-0.741632527;0.458310011;0.996629618
A0A089Z9Y9;17.63860513;0.798217704;3.736019094;0.21365461;0.83081641;0.996629618
A0A089ZA11;20.44879741;0.177433176;1.01578021;0.174676741;0.861333645;0.996629618
A0A089ZA17;23.58972849;-0.671491466;1.179081297;-0.569503959;0.569014185;0.996629618
A0A089ZAI4;66.62033192;0.339209113;0.322723029;1.051084312;0.293219869;0.996629618
A0A089ZAX5;48.68270831;-0.112822566;0.416984266;-0.270567921;0.786723371;0.996629618
A0A089ZB18;22.74059213;-0.139152075;0.935639948;-0.148723956;0.881771457;0.996629618
A0A089ZBS5;15.95311709;-0.318189905;1.209311113;-0.263116663;0.792460661;0.996629618
A0A089ZBS9;48.8617137;-0.339362269;0.43867929;-0.773599931;0.439167413;0.996629618
A0A089ZC51;13.46464464;-0.25858223;1.328514033;-0.194640195;0.845674634;0.996629618
A0A089ZCA7;11.66978451;-1.449902053;1.926871956;-0.752464142;0.451771986;0.996629618
A0A089ZCQ3;36.89519966;0.479679644;0.562910407;0.852142078;0.39413524;0.996629618
A0A089ZCR8;56.33162911;-0.094289161;0.367218482;-0.256765837;0.797359544;0.996629618
A0A089ZCU1;22.52153147;-0.681407292;0.957888705;-0.711363741;0.476858862;0.996629618
A0A089ZDH4;90.73534556;0.062983632;0.271016748;0.232397564;0.816229241;0.996629618
A0A089ZE87;14.59551644;-0.281967376;1.575158396;-0.179008903;0.857930711;0.996629618
A0A089ZER7;31.33091379;0.087425;0.669314164;0.130618781;0.896076885;0.996629618
A0A089ZEV2;52.10118363;0.119598382;0.398626834;0.300025917;0.764157387;0.996629618
A0A089ZEW4;10.51175984;-1.421308452;1.722281414;-0.825247512;0.409231084;0.996629618
A0A089ZF65;17.87470703;-0.105194267;1.111975822;-0.094601218;0.924631582;0.996629618
A0A089ZFA3;16.63711083;-0.272907705;1.434271999;-0.190276116;0.849092768;0.996629618
A0A089ZG02;38.2063127;0.101983924;0.55584585;0.183475192;0.854425183;0.996629618
A0A089ZG23;18.32672929;-0.266082971;1.377524349;-0.193160267;0.846833455;0.996629618
A0A089ZGF2;27.3307502;-0.746034297;0.788791533;-0.945793998;0.344253668;0.996629618
A0A089ZGF4;37.83069943;-1.40248752;2.381129435;-0.589000959;0.555860631;0.996629618
A0A089ZGF5;24.3968049;-0.404062836;0.87883771;-0.45976957;0.645681627;0.996629618
A0A089ZGF9;35.87997604;-0.464503439;0.585811539;-0.792922993;0.42782269;0.996629618
A0A089ZGG4;22.46677631;-0.468642248;0.967208096;-0.484530941;0.628009111;0.996629618
A0A089ZGS2;44.79742846;0.307976837;0.463470832;0.664501012;0.506369701;0.996629618
A0A089ZGX6;39.8807098;0.315327699;0.520707059;0.605576003;0.544796341;0.996629618
A0A089ZGZ1;19.55972349;-0.562830878;1.30594323;-0.430976527;0.666485438;0.996629618
A0A089ZH78;14.45158609;-0.411764855;1.522711458;-0.270415549;0.786840579;0.996629618
A0A089ZH87;15.81102221;-0.517735459;1.239104357;-0.417830392;0.676071128;0.996629618
A0A089ZHN1;17.48285436;-0.086511184;1.137163709;-0.076076279;0.939358412;0.996629618
A0A089ZHU8;17.51133616;0.189867028;1.686741756;0.112564373;0.910375932;0.996629618
A0A089ZI64;22.58631472;0.269419483;0.935602805;0.287963526;0.773374659;0.996629618
A0A089ZIP7;58.65685462;-0.017072914;0.379530501;-0.044984299;0.964119824;0.996629618
A0A089ZJ55;18.23182668;-0.070494879;1.099407448;-0.064120794;0.948874044;0.996629618
A0A089ZUS9;24.23184853;-0.102562121;0.894839136;-0.114615149;0.908750172;0.996629618
A0A089ZUT3;29.00422666;-1.236462852;0.983266673;-1.257505096;0.208570795;0.996629618
A0A089ZV28;19.51166134;-0.223615041;1.066274044;-0.209716294;0.833889107;0.996629618
A0A089ZV33;29.16512657;0.55476908;0.730063914;0.759891113;0.447319674;0.996629618
A0A089ZVL0;42.80220354;0.135471174;0.472896947;0.286470815;0.774517543;0.996629618
A0A089ZVL1;23.15869844;-1.136965667;1.219519022;-0.932306628;0.351178083;0.996629618
A0A089ZVR0;23.51031356;0.114674585;0.904674946;0.126757777;0.899132115;0.996629618
A0A090I0N7;18.99552569;-0.784537811;1.075793199;-0.72926452;0.465839871;0.996629618
A0A090I0T1;29.71555971;-0.193050023;0.715519232;-0.269804101;0.787310968;0.996629618
A0A090I100;32.70119327;0.031859775;0.664036686;0.047978937;0.961733029;0.996629618
A0A090I135;18.05518883;-0.632473665;1.367448184;-0.462521119;0.643707661;0.996629618
A0A090I151;34.94631381;-0.478337254;0.744935968;-0.642118618;0.520796168;0.996629618
A0A090I166;17.57684188;-0.073426325;1.149301726;-0.06388777;0.94905959;0.996629618
A0A090I170;18.30698169;-0.14603715;1.10790721;-0.131813521;0.895131792;0.996629618
A0A090I180;41.28260112;0.228684391;0.508282366;0.449916043;0.652770979;0.996629618
A0A090I192;15.44818508;-0.272159304;1.500074688;-0.181430502;0.856029679;0.996629618
A0A090I1I9;46.85134391;0.109303242;0.46052708;0.237343788;0.812390094;0.996629618
A0A090I1P7;19.12200015;-0.068441543;1.072459846;-0.063817347;0.949115665;0.996629618
A0A090I210;59.23085724;-0.06317251;0.371803502;-0.169908324;0.865082235;0.996629618
A0A090I219;21.53305748;-0.672031965;0.976921244;-0.687908026;0.491510702;0.996629618
A0A090I246;19.84680977;-0.259772608;1.338237291;-0.194115505;0.846085441;0.996629618
A0A090I281;39.55103469;0.063989496;0.526095797;0.121630881;0.903191355;0.996629618
A0A090I298;45.8169291;0.137976724;0.451393922;0.305668103;0.759857362;0.996629618
A0A090I2G3;20.34991677;-0.903354845;1.040704144;-0.868022723;0.385381893;0.996629618
A0A090I2I6;26.35017609;0.585758716;1.122042699;0.522046724;0.601637799;0.996629618
A0A090I2L4;7.608757849;-0.54382029;2.577348317;-0.21099992;0.832887333;0.996629618
A0A090I2L6;61.42626736;0.19821779;0.351960559;0.563181827;0.573311077;0.996629618
A0A090I2M9;42.61387374;-0.727096755;1.375199174;-0.528721053;0.596998971;0.996629618
A0A090I2P0;27.43590309;-0.197090013;0.785984492;-0.2507556;0.802003071;0.996629618
A0A090I2R3;66.01346714;-1.913775341;1.372008022;-1.394871831;0.163054493;0.996629618
A0A090I2T3;193.4098489;-0.059242481;0.223515654;-0.265048465;0.790972127;0.996629618
A0A090I2T7;39.75721113;0.750292436;1.476397387;0.508191387;0.61131913;0.996629618
A0A090I305;27.26249312;0.191717235;0.794062013;0.241438617;0.809215185;0.996629618
A0A090I314;20.9420772;0.626827286;1.035503295;0.605335868;0.544955854;0.996629618
A0A090I345;26.99233512;-0.10547357;0.793787726;-0.132873773;0.894293209;0.996629618
A0A090I3A9;138.2812419;0.294391969;0.218899362;1.34487358;0.178666064;0.996629618
A0A090I3C5;33.62067452;0.579812341;0.647689823;0.895200636;0.370679845;0.996629618
A0A090I3H9;39.04339668;0.396392777;0.525757039;0.753946687;0.450881235;0.996629618
A0A090I3I6;34.49454296;0.501002765;0.655338465;0.764494671;0.444572511;0.996629618
A0A090I3J1;46.29224865;0.04341889;0.451673056;0.096129024;0.9234181;0.996629618
A0A090I3J2;120.881283;0.251394308;0.624492408;0.40255783;0.687273538;0.996629618
A0A090I3L9;13.21659274;-0.401157029;2.171910087;-0.184702411;0.853462455;0.996629618
A0A090I3Q7;23.84155849;0.098278376;1.485697484;0.066149655;0.947258678;0.996629618
A0A090I3S2;12.44239004;-0.728557997;1.627748759;-0.447586271;0.654451814;0.996629618
A0A090I3S6;34.00926448;-0.88406768;0.88185153;-1.002513065;0.31609586;0.996629618
A0A090I3U3;11.73219049;-0.329224247;1.660782641;-0.198234398;0.842861676;0.996629618
A0A090I3V1;46.46532094;0.435305626;0.442722558;0.983246998;0.325485889;0.996629618
A0A090I409;21.84753592;-0.144614243;0.972331126;-0.148729418;0.881767147;0.996629618
A0A090I424;18.74180303;-1.427534293;1.311019614;-1.08887333;0.276209749;0.996629618
A0A090I428;31.58520629;-0.478888234;0.683201306;-0.70094748;0.483335792;0.996629618
A0A090I431;19.07070721;-0.057858913;1.357053597;-0.042635688;0.965991947;0.996629618
A0A090I433;16.61784378;-0.492086952;1.424128782;-0.345535431;0.729691879;0.996629618
A0A090I442;7.291368425;-0.543459353;1.778066289;-0.305646283;0.759873977;0.996629618
A0A090I443;15.71848846;-0.941517178;1.74478315;-0.539618449;0.589460191;0.996629618
A0A090I455;31.30851126;-0.813748719;0.945974124;-0.860223022;0.389666117;0.996629618
A0A090I465;16.52072489;0.236380212;1.23133821;0.191970175;0.847765567;0.996629618
A0A090I471;22.27242923;0.43531725;0.954313054;0.456157703;0.648276579;0.996629618
A0A090I494;21.67072814;-0.063691738;0.968010024;-0.065796568;0.947539788;0.996629618
A0A090I4G3;24.91382359;-0.577117197;0.908915414;-0.63495149;0.525460054;0.996629618
A0A090I4K5;19.97818257;1.777917697;3.506042042;0.507101077;0.612083899;0.996629618
A0A090I4Q7;42.76907599;-0.099023772;0.479786652;-0.206391261;0.836485297;0.996629618
A0A090I4Q8;24.58624828;-1.053609874;1.416969362;-0.743565741;0.457139236;0.996629618
A0A090I4T1;9.281689635;-1.230347561;2.402442688;-0.512123585;0.608564519;0.996629618
A0A090I4T3;7.836238176;-2.691341311;2.17769105;-1.235869207;0.216507185;0.996629618
A0A090I4W3;57.62713744;0.361510078;0.368001049;0.982361542;0.325921766;0.996629618
A0A090I4X8;10.93527505;1.008476788;1.49586924;0.674174427;0.500200426;0.996629618
A0A090I4Y0;26.19686379;-0.147631485;0.809964128;-0.182269164;0.855371497;0.996629618
A0A090I4Y3;11.84334462;0.225602256;1.954749262;0.115412376;0.90811827;0.996629618
A0A090I4Y4;36.96877996;-0.108922856;0.561531555;-0.193974595;0.846195775;0.996629618
A0A090I4Y7;25.96215955;0.064212804;0.835775168;0.076830237;0.938758596;0.996629618
A0A090I514;19.83295946;-0.400575258;1.037121051;-0.386237709;0.699320629;0.996629618
A0A090I531;12.82478556;-0.555509661;1.627581576;-0.341309873;0.732870316;0.996629618
A0A090I573;225.180885;0.11263266;0.214894978;0.524128861;0.600188916;0.996629618
A0A090I574;33.82741518;-0.42355935;3.730767297;-0.113531431;0.909609246;0.996629618
A0A090I582;26.53183767;-0.044378949;0.808390937;-0.05489788;0.956219821;0.996629618
A0A090I583;19.10099128;-0.476632029;1.629352386;-0.292528512;0.769882564;0.996629618
A0A090I599;37.35502073;0.175032795;0.556165015;0.314713782;0.752978979;0.996629618
A0A090I5C2;89.83853011;-0.121552321;0.275015321;-0.441983816;0.658500917;0.996629618
A0A090I5E9;33.64547773;0.548685873;0.625212992;0.877598323;0.38016174;0.996629618
A0A090I5G4;16.52170124;-1.759836247;1.66614713;-1.056230998;0.290862692;0.996629618
A0A090I5G8;19.60509294;0.272447022;1.066339349;0.255497485;0.798338886;0.996629618
A0A090I5H3;37.43145211;-0.369859296;0.562632252;-0.65737308;0.510941057;0.996629618
A0A090I5H7;45.05948134;0.0275106;0.471730815;0.05831843;0.953494988;0.996629618
A0A090I5M1;24.67726602;0.287099092;2.348066903;0.122270405;0.902684869;0.996629618
A0A090I5S8;30.47304424;0.419911608;0.692977789;0.605952477;0.544546311;0.996629618
A0A090I5T3;59.28618047;0.112614122;0.391149998;0.28790521;0.773419298;0.996629618
A0A090I5U4;24.37045606;-0.797397083;0.88971609;-0.896237679;0.370125836;0.996629618
A0A090I622;26.23058025;-0.203738924;0.842712507;-0.241765634;0.808961769;0.996629618
A0A090I640;10.55805629;-1.058968873;2.312050998;-0.458021417;0.646937055;0.996629618
A0A090I657;11.01985032;0.37446874;1.993544758;0.187840648;0.85100157;0.996629618
A0A090I672;24.83162021;0.439855674;0.857241048;0.513106174;0.607877053;0.996629618
A0A090I6C9;35.05315124;0.248359029;0.609190621;0.40768689;0.683503564;0.996629618
A0A090I6I2;39.34501083;0.102039599;0.521938229;0.195501293;0.845000525;0.996629618
A0A090I6I6;15.58416521;-1.267511356;1.447379819;-0.875728222;0.381177799;0.996629618
A0A090I6K9;20.00579643;0.15470029;1.026108282;0.150764098;0.880161808;0.996629618
A0A090I6Q2;37.57928497;0.022036412;0.551622327;0.039948369;0.968134289;0.996629618
A0A090I6T0;20.09170671;0.246432655;1.029963053;0.239263587;0.810901199;0.996629618
A0A090I6V8;30.1513848;0.202612861;0.711093104;0.284931551;0.775696584;0.996629618
A0A090I740;12.76700748;1.415409683;2.171194892;0.651903561;0.514463387;0.996629618
A0A090I781;39.14474165;0.453256352;0.525081511;0.86321141;0.388021241;0.996629618
A0A090I7B6;28.09301647;-0.225708537;0.768365165;-0.293751652;0.768947682;0.996629618
A0A090I7L2;26.38452629;-0.401762118;0.821600267;-0.488999497;0.624842053;0.996629618
A0A090I7S6;17.71663741;-0.894098973;1.668914809;-0.535736736;0.592140511;0.996629618
A0A090I7T8;42.60298474;-0.157205014;0.489415999;-0.321209389;0.748051717;0.996629618
A0A090I7U4;24.85267978;-0.224771947;1.141379036;-0.196930152;0.843882198;0.996629618
A0A090I7U6;70.38628683;0.150695155;0.33631515;0.448077214;0.654097472;0.996629618
A0A090I7W3;156.6341959;0.229574265;0.208719776;1.099916206;0.271368633;0.996629618
A0A090I842;68.73788036;-0.233471673;0.315284088;-0.740512072;0.458989339;0.996629618
A0A090I897;24.43421067;0.13033178;0.870892678;0.149653089;0.881038321;0.996629618
A0A090I8J3;9.460877435;-1.149569012;2.092111736;-0.549477828;0.582677576;0.996629618
A0A090I8M3;26.41720742;0.139908706;0.815715767;0.171516491;0.863817664;0.996629618
A0A090I8R6;30.01352154;-0.255383459;1.000695309;-0.255206012;0.798563988;0.996629618
A0A090I8S1;17.18543442;-0.169745632;1.152195337;-0.147323658;0.88287656;0.996629618
A0A090I8T2;10.92073638;-1.662916504;1.954469789;-0.850827428;0.394865223;0.996629618
A0A090I8V8;32.49522018;0.14825205;0.681419121;0.217563677;0.827769088;0.996629618
A0A090I8W8;71.39225517;-0.084079809;0.31016444;-0.271081393;0.786328432;0.996629618
A0A090I904;28.23480082;-1.144195743;1.006394889;-1.136925232;0.255569543;0.996629618
A0A090I932;13.343003;-0.793778136;1.570421303;-0.505455532;0.613238923;0.996629618
A0A090I958;29.80918625;-0.346982112;0.734826796;-0.47219578;0.636787051;0.996629618
A0A090I9A6;88.93843858;0.302021585;0.294759878;1.024636009;0.305534967;0.996629618
A0A090I9B3;8.312481573;-0.201036565;2.196860679;-0.091510839;0.927086694;0.996629618
A0A090I9D3;23.93390693;-0.220758177;0.899076383;-0.245538846;0.806039234;0.996629618
A0A090I9E0;51.77074206;0.501967246;2.561394494;0.195974204;0.844630357;0.996629618
A0A090I9E4;17.38758283;-0.854022455;1.718094448;-0.497075382;0.619135894;0.996629618
A0A090IA40;131.5320903;0.187562046;0.232525463;0.806630139;0.419879605;0.996629618
A0A090IAD3;9.419563009;-1.069882202;1.821292915;-0.587430058;0.556914912;0.996629618
A0A090IAH6;282.9356471;0.116198879;0.166935647;0.696069898;0.486385057;0.996629618
A0A090IAQ7;17.82957824;-0.974744212;3.556702702;-0.274058389;0.784039751;0.996629618
A0A090IAU5;12.09962327;-0.281869344;1.396152735;-0.201890049;0.840002682;0.996629618
A0A090IB20;41.91643175;-0.019965034;0.504731257;-0.039555771;0.968447289;0.996629618
A0A090JSP3;19.45386357;0.105226741;1.050003952;0.100215567;0.920173188;0.996629618
A0A090JSU7;12.15042192;0.198465911;1.420924953;0.139673746;0.888917771;0.996629618
A0A090JSW3;14.33240527;0.711391036;1.554899599;0.457515737;0.647300394;0.996629618
A0A090JTC3;19.60023423;-1.598568592;1.564741877;-1.02161808;0.306961697;0.996629618
A0A090JTE7;52.40207906;-0.192562993;0.399777466;-0.481675455;0.630036515;0.996629618
A0A090JTX8;22.55823709;0.357954258;0.945353611;0.378645888;0.704950841;0.996629618
A0A090JU62;9.354621114;1.489637104;2.107365215;0.706871829;0.479646132;0.996629618
A0A090JUF5;13.02130199;-1.138035713;1.579600133;-0.720458102;0.471242988;0.996629618
A0A090JUG7;9.919609602;-0.649199012;1.560962962;-0.415896487;0.67748575;0.996629618
A0A090JUK8;51.04174137;0.0423075;0.415058768;0.101931348;0.918811168;0.996629618
A0A090JUQ9;9.672483638;-1.495005968;1.777774522;-0.840942397;0.400380205;0.996629618
A0A090JUT3;29.19882059;-0.209519155;0.736112595;-0.284629222;0.775928221;0.996629618
A0A090JUU7;24.68312352;-0.435871002;0.888026146;-0.490831271;0.623545791;0.996629618
A0A090JV64;38.05483233;0.368799433;0.56232151;0.655851548;0.511919645;0.996629618
A0A090JV74;8.158192248;-1.541161845;2.180923474;-0.706655627;0.479780511;0.996629618
A0A090JVL3;15.05396622;-0.930856687;1.484891641;-0.626885263;0.530734448;0.996629618
A0A090JVY2;9.610874542;-0.08821416;1.817859891;-0.04852638;0.961296741;0.996629618
A0A090JW43;40.11948275;0.046355972;0.531582619;0.087203701;0.930509597;0.996629618
A0A090JW64;26.16043512;-0.232551366;0.8241636;-0.28216651;0.777815837;0.996629618
A0A090JW72;47.19337962;-0.267896909;0.44370506;-0.603772491;0.545994911;0.996629618
A0A090JWH2;32.62869159;-0.0978649;0.651328438;-0.150254303;0.880563985;0.996629618
A0A090JWL2;25.80655852;0.133872704;0.837402381;0.159866639;0.872986129;0.996629618
A0A090JWM7;9.575275847;-0.408167619;1.581733104;-0.25805088;0.79636764;0.996629618
A0A090JWN0;30.97412549;-0.156135422;0.751719364;-0.207704403;0.83545978;0.996629618
A0A090JX27;10.95147676;0.235467705;1.486202301;0.158435837;0.874113377;0.996629618
A0A090JX53;9.449089373;0.337316643;2.128296862;0.15849135;0.874069636;0.996629618
A0A090JXJ6;32.03859829;0.099717946;0.662577115;0.150500137;0.880370043;0.996629618
A0A090JXN7;28.75706957;0.067748051;0.835444593;0.081092213;0.935368618;0.996629618
A0A090JXT2;14.37685314;-1.167682442;1.515512253;-0.770486969;0.441011082;0.996629618
A0A090JXZ1;24.31515266;-0.580946762;3.675520082;-0.158058383;0.874410794;0.996629618
A0A090JY31;14.85589742;-0.557612098;1.50734119;-0.36993091;0.71143397;0.996629618
A0A090JYU9;14.77355148;-0.483411401;1.539382693;-0.314029385;0.753498721;0.996629618
A0A089ZA06;10.27299033;-2.073072799;1.9906061;-1.041427935;0.297676983;0.996629618
A0A089ZBE1;18.75585585;-1.371864171;1.600050706;-0.857387935;0.391230525;0.996629618
A0A089ZCI8;7.714142272;-0.514285477;2.255562405;-0.228007647;0.819640295;0.996629618
A0A089ZDA2;63.91258875;0.284327783;0.348231654;0.816490342;0.414219745;0.996629618
A0A089ZDP0;8.222548307;-0.676782012;1.919714597;-0.352543036;0.72443105;0.996629618
A0A089ZDW1;12.34642462;0.115520952;1.429819306;0.080794092;0.935605707;0.996629618
A0A089ZF54;12.27053659;-1.093779292;2.209321295;-0.495074797;0.620547323;0.996629618
A0A089ZGY9;30.97625473;-0.594987954;3.731486376;-0.159450657;0.873313831;0.996629618
A0A089ZHE0;22.69635096;-0.621525106;1.195161887;-0.520034242;0.603039709;0.996629618
A0A089ZHM6;44.75973547;0.187221753;0.454269571;0.412138001;0.680238277;0.996629618
A0A089ZHN5;11.65816214;-0.934375047;1.660751326;-0.562621888;0.573692384;0.996629618
A0A089ZHQ4;39.11945834;-0.274101296;1.40695543;-0.194818748;0.845534844;0.996629618
A0A090I0R5;15.79839126;-1.223568463;1.72906936;-0.70764568;0.479165318;0.996629618
A0A090I0S1;13.98579677;-0.889159019;1.536440642;-0.578713551;0.562782471;0.996629618
A0A090I0T5;21.30423417;-0.662031683;1.253872391;-0.527989681;0.597506498;0.996629618
A0A090I0Z8;49.20306043;-0.393322125;1.525896688;-0.257764584;0.796588599;0.996629618
A0A090I148;23.23428222;-0.722168263;3.647290496;-0.198001301;0.843044046;0.996629618
A0A090I1W4;32.46657285;-0.333798087;0.936992509;-0.356244136;0.721657742;0.996629618
A0A090I260;8.102168848;-0.570962559;2.530778611;-0.22560747;0.821506731;0.996629618
A0A090I2C6;35.52502356;0.097556785;0.585935589;0.166497455;0.867765485;0.996629618
A0A090I2F4;24.35185215;0.263243947;0.924332373;0.284793603;0.775802274;0.996629618
A0A090I340;19.39096078;-0.601022583;1.316103014;-0.456668344;0.647909448;0.996629618
A0A090I368;9.397501543;2.343481627;2.363250383;0.99163493;0.321375644;0.996629618
A0A090I383;24.83891139;0.418032149;0.876053161;0.477176692;0.633236307;0.996629618
A0A090I3A4;18.91916;0.986054469;1.380239664;0.714408153;0.474974832;0.996629618
A0A090I3E3;20.47730409;-0.176763081;1.342217928;-0.13169477;0.895225722;0.996629618
A0A090I3H2;35.14199387;0.347206781;0.590402603;0.588084774;0.556475393;0.996629618
A0A090I3L6;16.43480051;-0.856197157;3.495157119;-0.244966715;0.806482204;0.996629618
A0A090I3P4;19.20584727;-0.059765393;1.090243957;-0.054818366;0.956283168;0.996629618
A0A090I3Z3;42.79888964;0.158699425;0.483901033;0.327958433;0.742943091;0.996629618
A0A090I4B8;7.213986126;0.629138861;2.304323672;0.273025386;0.784833701;0.996629618
A0A090I4C0;9.12279909;-0.314860356;2.763187053;-0.11394826;0.909278809;0.996629618
A0A090I4D4;27.45410396;-0.862270446;3.699627324;-0.233069542;0.815707406;0.996629618
A0A090I4G2;9.337238064;-1.503990043;2.077996299;-0.723769356;0.469207346;0.996629618
A0A090I4J8;7.052459142;-0.626664682;2.642324697;-0.237164147;0.81252945;0.996629618
A0A090I4P9;8.431773954;-0.221148753;2.211655588;-0.099992401;0.920350358;0.996629618
A0A090I4Q1;10.52908868;0.50315287;2.644491181;0.190264529;0.849101847;0.996629618
A0A090I4R4;17.978264;0.423130114;1.122484871;0.376958412;0.706204511;0.996629618
A0A090I4Y9;22.80983454;-0.593079478;3.648903306;-0.162536365;0.870883494;0.996629618
A0A090I4Z6;22.99084575;-0.797503917;1.181261348;-0.675129105;0.499593744;0.996629618
A0A090I518;27.35434968;-0.363442177;0.81674929;-0.444986217;0.656329715;0.996629618
A0A090I524;21.13403193;-1.018556068;3.583634571;-0.284224311;0.776238486;0.996629618
A0A090I560;7.835495174;-1.496294526;1.949185587;-0.767651134;0.442694475;0.996629618
A0A090I579;9.388832795;-0.505546557;1.583201095;-0.319319232;0.749484451;0.996629618
A0A090I5E6;16.74940316;0.547042288;1.452960416;0.376501852;0.706543839;0.996629618
A0A090I5F2;20.65157863;0.892783553;1.30462086;0.684324144;0.493770504;0.996629618
A0A090I5F3;74.15023756;1.39696965;1.005435246;1.389417823;0.164705734;0.996629618
A0A090I653;15.86400003;-0.164006045;1.22242583;-0.134164414;0.893272565;0.996629618
A0A090I6B5;8.840572916;-0.876346517;2.449086923;-0.357825812;0.720473673;0.996629618
A0A090I6J2;9.124809128;0.084916961;1.846371151;0.045991274;0.963317205;0.996629618
A0A090I6X8;44.42770403;-0.841909836;3.729758781;-0.225727691;0.82141322;0.996629618
A0A090I6Y3;24.44889186;-1.31055307;1.406447899;-0.931817716;0.351430737;0.996629618
A0A090I729;15.58328904;-0.376624399;1.477784944;-0.25485738;0.798833255;0.996629618
A0A090I796;22.5136766;-0.68928655;1.202668403;-0.573131005;0.566555996;0.996629618
A0A090I7Q9;24.78927666;0.350557666;0.857578991;0.408775949;0.682704091;0.996629618
A0A090I8M1;31.09372421;-0.751920933;3.731674319;-0.201496934;0.840310027;0.996629618
A0A090I8N6;14.41647154;-0.892834495;2.092249979;-0.42673414;0.669572981;0.996629618
A0A090I8R0;17.03538051;0.780664467;1.4349322;0.544042755;0.586412052;0.996629618
A0A090I8S8;18.53883651;-0.522443999;1.349453954;-0.38715215;0.698643572;0.996629618
A0A090I8U4;21.22136857;0.331468299;0.999666726;0.331578806;0.740207325;0.996629618
A0A090I8V0;46.40133605;0.367058006;0.443740447;0.827190778;0.408128938;0.996629618
A0A090I938;45.44166301;0.574241526;0.458340067;1.252872194;0.210252223;0.996629618
A0A090I950;12.90218437;-0.56434947;2.179839991;-0.258894906;0.795716329;0.996629618
A0A090IA48;9.104455127;-1.437947973;2.096420941;-0.685906129;0.492772305;0.996629618
A0A090JTF6;8.921851381;-1.025999477;2.142427801;-0.478895707;0.632012825;0.996629618
A0A090JTQ5;10.2305332;0.455757357;2.065170877;0.22068748;0.825335781;0.996629618
A0A090JTT4;18.89504226;0.928102982;1.103653402;0.840937001;0.400383229;0.996629618
A0A090JTX4;14.20719875;0.211758;1.846166731;0.11470145;0.908681765;0.996629618
A0A090JTZ4;22.64011857;0.558421836;1.260788554;0.442914741;0.657827405;0.996629618
A0A090JU15;24.00378792;-0.074154919;1.458134533;-0.05085602;0.959440251;0.996629618
A0A090JU33;16.83849587;-0.123294702;1.176657735;-0.104783828;0.916547343;0.996629618
A0A090JU38;12.08324098;-0.976668706;2.211392219;-0.441653316;0.658740097;0.996629618
A0A090JUJ4;7.845122599;-0.420374663;2.255471487;-0.18637995;0.852146814;0.996629618
A0A090JVR0;21.34304511;0.062673383;1.27279795;0.049240638;0.960727526;0.996629618
A0A090JVW9;14.80950471;-0.737123733;1.494079913;-0.49336299;0.621756128;0.996629618
A0A090JVY8;8.464162378;-0.915622694;2.477540471;-0.369569218;0.71170349;0.996629618
A0A090JW16;10.53636183;-0.891725974;1.730304299;-0.515357891;0.606302952;0.996629618
A0A090JWA7;15.12072331;-0.600249691;3.482479303;-0.172362745;0.863152359;0.996629618
A0A090JWN5;37.31560146;0.841482284;1.451244253;0.57983505;0.562025859;0.996629618
A0A090JWV3;7.938057506;0.26916815;2.246627041;0.119809895;0.904633743;0.996629618
A0A090JX22;33.60363655;-1.499160053;2.314582867;-0.647702044;0.517177682;0.996629618
A0A090JX49;26.47387436;0.097400163;2.372331831;0.041056719;0.967250678;0.996629618
A0A090JXR2;14.39184658;0.858343368;1.543245195;0.556193773;0.578078395;0.996629618
A0A090JY74;17.68124568;1.07390024;1.39915838;0.767533008;0.442764676;0.996629618
A0A089ZA94;6.969538521;1.186511361;2.373808883;0.499834409;0.61719168;0.996629618
A0A090I3N5;10.68568509;1.212469741;2.62034517;0.46271375;0.643569561;0.996629618
A0A090I4J0;29.88723332;0.946647339;1.024337725;0.924155496;0.355405363;0.996629618
A0A090I4P4;7.859708969;0.335170094;2.884568981;0.116194168;0.907498658;0.996629618
A0A090I571;45.01837213;1.132581469;1.485639326;0.762352914;0.445849401;0.996629618
A0A090I6Y8;18.10690428;0.700838635;3.659180524;0.191528849;0.84811128;0.996629618
A0A090JUS4;19.76568824;1.267521327;3.606634951;0.351441536;0.725257126;0.996629618
A0A090JYJ5;15.93878445;0.8880027;1.499980601;0.592009456;0.553844256;0.996629618
A0A089ZAV8;20.47276685;1.081434193;3.592357795;0.30103744;0.763385945;0.996629618
A0A089ZI47;14.00549301;0.393367775;3.738375059;0.105224267;0.916197855;0.996629618
A0A090I0K3;17.01858123;0.799532877;1.446358645;0.552790195;0.580407084;0.996629618
A0A090I2A3;10.28382989;0.213306891;2.66125305;0.080152803;0.936115727;0.996629618
A0A090I2S7;11.66985773;0.942398889;2.243955625;0.419972159;0.674505792;0.996629618
A0A090I353;15.39482967;0.279568586;3.737122278;0.07480852;0.940367063;0.996629618
A0A090I3H5;11.19061882;0.297556762;2.595626602;0.114637738;0.908732266;0.996629618
A0A090I3I4;8.559587096;-0.268118382;2.185651331;-0.122672074;0.902366778;0.996629618
A0A090I3J9;41.2403534;0.87867929;1.511604169;0.581289274;0.561045508;0.996629618
A0A090I3K4;10.93825125;0.403652762;1.747784349;0.230951125;0.817352772;0.996629618
A0A090I5D7;11.15198536;-0.111415087;2.599317912;-0.042863201;0.965810583;0.996629618
A0A090I666;7.121875452;-0.79055411;2.626125778;-0.301034366;0.763388289;0.996629618
A0A090I684;14.3502401;0.771455698;1.564521579;0.493093677;0.621946398;0.996629618
A0A090I6D3;7.633119164;-0.680285563;2.572286569;-0.264467253;0.791419895;0.996629618
A0A090I7L5;17.47631099;0.777173149;3.736089554;0.208017805;0.835215065;0.996629618
A0A090I899;27.01154024;0.601006116;1.113101697;0.53993819;0.589239659;0.996629618
A0A090I8E3;12.39528231;0.369809547;2.219435086;0.166623277;0.867666478;0.996629618
A0A090I8J8;14.40301354;0.844493963;3.738587313;0.225885847;0.821290206;0.996629618
A0A090I9P2;14.55501661;0.333999881;3.73783865;0.08935642;0.928798657;0.996629618
A0A090I9W6;15.79668486;0.941120438;3.737582159;0.251799264;0.801196226;0.996629618
A0A090IAE6;12.35259779;0.324931038;1.924417769;0.168846413;0.86591745;0.996629618
A0A090JVT4;17.35372607;1.465984573;1.415704493;1.035515943;0.300428025;0.996629618
A0A090JWL7;7.322915994;0.993204516;2.598521626;0.382219069;0.702298879;0.996629618
A0A090JYF1;9.230736573;-0.790842841;1.90209166;-0.415775358;0.677574392;0.996629618
A0A090JYM0;21.41612029;1.80288399;3.577197111;0.503993471;0.614265965;0.996629618
A0A090JYQ2;7.623012799;0.653950459;2.575444261;0.253917535;0.799559267;0.996629618
A0A090I4M6;9.316453479;-0.467930556;2.751410757;-0.17006932;0.864955621;0.996629618
A0A090I544;23.51635912;1.368644553;3.659145687;0.374033906;0.708379091;0.996629618
A0A090I3E1;10.79302502;-0.722247165;2.63165129;-0.274446378;0.783741606;0.996629618
A0A090I4F2;25.40143904;0.940765593;3.722061099;0.252753936;0.800458366;0.996629618
A0A089ZGG9;22.98736113;-0.032679129;0.937849797;-0.034844736;0.972203548;0.997855357
A0A090I0Y6;78.29299245;-0.001889819;0.29094555;-0.006495439;0.994817426;0.998419333
A0A090I3Y0;30.99052377;-0.003566291;0.686103651;-0.00519789;0.995852702;0.998419333
A0A090I552;17.93346787;0.008213427;1.119650416;0.007335707;0.994147005;0.998419333
A0A090I613;43.93815905;-0.009710775;0.481384966;-0.020172576;0.983905705;0.998419333
A0A090I7K3;18.84956586;-0.012764548;1.084803113;-0.011766696;0.990611752;0.998419333
A0A089Z928;23.26855306;0.027927791;1.212674149;0.023029922;0.981626405;0.998419333
A0A089ZGW2;14.12620187;-0.032010811;1.56003705;-0.020519263;0.983629145;0.998419333
A0A090I489;12.46379826;-0.041137329;1.639941656;-0.02508463;0.97998746;0.998419333
A0A090I8Z8;9.443460444;0.035828193;2.126427946;0.016849004;0.986557076;0.998419333
A0A090I3I7;9.449823727;0.002176355;1.824474098;0.001192867;0.99904823;0.99904823
A0A089ZEU2;2.931355568;-4.805599585;3.252114831;-1.477684471;0.139492253;NA
A0A089ZG19;2.450178762;-4.547404597;3.366423893;-1.350811645;0.176755777;NA
A0A089ZHP5;1.478562082;-3.813378981;3.932821298;-0.969629356;0.332231275;NA
A0A089ZVK3;4.337977028;-5.371552431;2.924182828;-1.836941377;0.06621855;NA
A0A090I1I6;3.93769046;-5.233419359;3.400480172;-1.539023636;0.123798526;NA
A0A090I1Q2;5.162849415;-1.108894473;2.55963748;-0.433223252;0.664852588;NA
A0A090I1X5;6.926763606;-1.019593744;2.326368119;-0.438277045;0.661185464;NA
A0A090I231;2.673429717;-4.674093707;3.921136773;-1.192025164;0.233251378;NA
A0A090I2G1;4.376796044;2.527147846;3.391196764;0.745208262;0.456145829;NA
A0A090I2K0;5.974032659;-0.823880905;1.954809181;-0.421463595;0.673416589;NA
A0A090I3D2;4.157814005;-1.575032113;3.079836673;-0.511401181;0.609070168;NA
A0A090I3Y4;4.894635592;-5.547632929;3.614134766;-1.534982309;0.124788174;NA
A0A090I420;3.683840521;-0.339498947;3.560439592;-0.095353098;0.924034368;NA
A0A090I496;2.060899197;-4.301306329;3.925363518;-1.095772738;0.273178242;NA
A0A090I4A2;5.92904188;-0.897499925;1.937065622;-0.463329644;0.6431281;NA
A0A090I4P0;5.883362184;-2.042826657;2.762562623;-0.739468;0.459622864;NA
A0A090I521;6.536239866;-1.010604582;2.091077928;-0.483293601;0.628887283;NA
A0A090I549;4.183402232;-5.320842433;3.341098459;-1.592542841;0.111262785;NA
A0A090I5J7;2.846604074;-3.710385186;3.053035937;-1.215310027;0.224247869;NA
A0A090I618;6.965994983;-6.054303174;2.512175156;-2.409984495;0.015953199;NA
A0A090I731;1.159255798;-3.473665257;3.939708083;-0.881706254;0.377935678;NA
A0A090I7V9;6.631506032;-0.346707025;1.847776317;-0.187634738;0.851162993;NA
A0A090I7Z4;6.033224922;-1.513484257;2.425543241;-0.623977438;0.532642403;NA
A0A090I8C8;4.425290489;-1.009985405;3.012972142;-0.335212328;0.737464923;NA
A0A090I8X6;6.193942961;-0.427230133;1.912292725;-0.223412518;0.823214462;NA
A0A090I971;6.036416451;-2.082695354;2.404666126;-0.866105831;0.386432128;NA
A0A090I9D6;4.243509261;-1.037534273;2.721934668;-0.381175303;0.703073173;NA
A0A090IB52;4.115843105;-5.295260162;2.977903022;-1.77818422;0.075373604;NA
A0A090JTD5;5.555528887;-5.729586242;2.709515661;-2.114616396;0.034462655;NA
A0A090JU20;4.490805721;-0.556623348;2.412991035;-0.230677752;0.817565159;NA
A0A090JU72;5.74033075;-0.112215948;2.230486685;-0.050310073;0.959875297;NA
A0A090JUV1;4.889654858;-0.93527322;2.314952128;-0.404014065;0.686202376;NA
A0A090JV59;4.946752957;-5.561666545;2.804827194;-1.982890981;0.047379608;NA
A0A090JX40;5.23987735;-2.693940866;2.517590536;-1.070047264;0.284598035;NA
A0A089Z7Q8;1.969895581;-4.233744299;3.926252825;-1.078316779;0.280892412;NA
A0A089Z8R0;2.976543925;-4.829955303;3.638100384;-1.327603637;0.184309082;NA
A0A089Z9L4;1.815791808;0.747911816;3.566659736;0.209695309;0.833905487;NA
A0A089ZDV5;6.217719303;-5.889691473;2.975344663;-1.979498895;0.047759864;NA
A0A089ZES5;0.844240963;-3.012409551;3.952042041;-0.762241272;0.445916018;NA
A0A089ZFP6;5.451507612;-5.70142858;2.713800614;-2.100901795;0.035649588;NA
A0A089ZG11;5.14819798;-0.903717883;2.886423943;-0.313092567;0.754210336;NA
A0A089ZG55;6.205162965;1.532823559;2.184460121;0.701694458;0.48286973;NA
A0A089ZG68;3.022650116;-0.720260857;3.311743119;-0.217486934;0.827828889;NA
A0A089ZGC1;5.174915873;-1.699240813;2.88473544;-0.589045633;0.555830662;NA
A0A089ZGN8;0.914974509;-3.122385758;3.840786329;-0.81295482;0.416243962;NA
A0A089ZH79;1.055681336;-3.330095134;3.890430831;-0.855970785;0.392013939;NA
A0A089ZI81;2.614463438;-4.640772491;3.330346378;-1.393480427;0.16347456;NA
A0A089ZJ52;2.510729237;-1.431491524;2.785678513;-0.513875351;0.607339142;NA
A0A089ZVX2;1.647114918;-1.873008661;3.245888178;-0.577040415;0.563912154;NA
A0A090I168;4.574872545;-5.447294236;3.265703857;-1.668030683;0.095309636;NA
A0A090I174;2.110602408;-4.333223963;3.924957586;-1.104018036;0.269585314;NA
A0A090I1G0;6.387108958;-5.931063336;2.934905708;-2.020870149;0.043293209;NA
A0A090I1Y5;6.436992261;-5.940616088;2.568948307;-2.312470077;0.020751792;NA
A0A090I242;1.032103488;-3.298895997;3.891355608;-0.847749815;0.396577317;NA
A0A090I2B1;1.829188754;-4.126893196;3.927746638;-1.050702496;0.293395249;NA
A0A090I2D5;4.546019577;-5.440911388;3.261090953;-1.668432885;0.095229825;NA
A0A090I2E9;5.206152608;-5.635398175;3.552840738;-1.586166842;0.112701467;NA
A0A090I2J4;30.12510229;-0.336751364;3.731402892;-0.090247924;NA;NA
A0A090I2K2;3.517670681;-5.069868382;3.917693851;-1.294095091;0.195632577;NA
A0A090I2K4;6.047327659;0.481164072;2.456031219;0.19591122;0.844679655;NA
A0A090I2W0;3.621335188;-5.112100091;3.098454792;-1.649886938;0.098966063;NA
A0A090I2X2;2.051099271;-4.292822105;3.860450616;-1.112000264;0.266138037;NA
A0A090I3M2;3.627100864;-0.131244369;3.191551825;-0.041122431;0.967198292;NA
A0A090I434;3.4708689;-1.636773558;2.584667166;-0.633262797;0.526562044;NA
A0A090I492;1.829188754;-4.126893196;3.927746638;-1.050702496;0.293395249;NA
A0A090I4D9;1.266361445;-3.596767984;3.937024889;-0.91357512;0.360940145;NA
A0A090I4E0;6.222313325;0.281064679;3.092977975;0.090871866;0.927594406;NA
A0A090I4F8;1.829188754;-4.126893196;3.927746638;-1.050702496;0.293395249;NA
A0A090I4H9;5.283932055;-2.334623227;2.511344936;-0.92963065;0.352562352;NA
A0A090I4L4;3.799084335;-5.180873637;3.881242214;-1.334849347;0.181925659;NA
A0A090I4R6;31.96699058;0.015849966;3.730847307;0.004248356;NA;NA
A0A090I4U7;1.733983734;-4.051590832;3.902032134;-1.038328413;0.299117185;NA
A0A090I4V6;5.628273089;-5.74786513;3.47137798;-1.655787748;0.09776481;NA
A0A090I4W1;4.231004742;-5.336937466;3.335424185;-1.600077583;0.109581373;NA
A0A090I4W2;2.251309236;-4.426284204;3.923823791;-1.128053766;0.259297213;NA
A0A090I4X2;2.964643297;-4.824270377;3.640496562;-1.325168228;0.185115361;NA
A0A090I4Z8;2.003496761;-4.259670603;3.862827718;-1.102733778;0.270142794;NA
A0A090I525;4.05678678;-5.274826936;2.986886437;-1.765995142;0.077396664;NA
A0A090I567;1.969895581;-4.233744299;3.926252825;-1.078316779;0.280892412;NA
A0A090I5D2;4.791731349;-5.516915048;3.211902599;-1.717647058;0.085861011;NA
A0A090I5H1;4.885640254;-1.446106686;2.590542616;-0.558225399;0.576690479;NA
A0A090I5I0;6.576619988;-0.683313583;2.087571179;-0.327324687;0.743422322;NA
A0A090I5P8;4.198838825;-0.202142573;3.449542927;-0.058599814;0.953270859;NA
A0A090I5Q4;0.984947791;-3.234547374;3.945615112;-0.819782792;0.412339942;NA
A0A090I646;2.53272289;-4.596126372;3.921933179;-1.171903284;0.241235888;NA
A0A090I6A2;3.557737716;-2.617305752;2.850484149;-0.918196915;0.358515783;NA
A0A090I6E5;6.530766797;-5.961731362;2.552021923;-2.336081562;0.019486991;NA
A0A090I6H9;0.984947791;-3.234547374;3.945615112;-0.819782792;0.412339942;NA
A0A090I6W5;6.28291169;-2.417100664;2.372994746;-1.018586606;0.308399266;NA
A0A090I751;5.225752458;-5.64185035;3.125224206;-1.805262591;0.071033601;NA
A0A090I7B5;4.240804668;-5.340846979;3.333532289;-1.602158466;0.109120572;NA
A0A090I8F1;4.030794778;-5.267334164;3.376315226;-1.560083645;0.118740116;NA
A0A090I8F3;4.839333859;-5.530989188;3.199424764;-1.728744883;0.083854765;NA
A0A090I8P6;2.64752776;-4.661592613;3.725663274;-1.251211468;0.210857335;NA
A0A090I9R3;1.266361445;-3.596767984;3.937024889;-0.91357512;0.360940145;NA
A0A090IA09;1.407068272;-3.748645734;3.934012585;-0.952880972;0.340650382;NA
A0A090IAF7;1.266361445;-3.596767984;3.937024889;-0.91357512;0.360940145;NA
A0A090JTA3;0.703534136;-2.749724077;3.961017312;-0.69419643;0.487559031;NA
A0A090JTT8;0.703534136;-2.749724077;3.961017312;-0.69419643;0.487559031;NA
A0A090JUW9;1.266361445;-3.596767984;3.937024889;-0.91357512;0.360940145;NA
A0A090JW83;5.389255358;-0.273071773;3.223556144;-0.084711344;0.932490877;NA
A0A090JWK6;4.294393536;0.055169378;3.066055267;0.017993602;0.985643957;NA
A0A090JWZ4;6.737825675;-6.008318928;2.881501245;-2.085134941;0.037057053;NA
A0A090JY14;6.905284769;-6.042396085;2.499148375;-2.417782051;0.015615427;NA
A0A090JYL6;6.03889644;-5.848355749;2.627283359;-2.226008751;0.026013595;NA
A0A089ZUP9;3.083588516;5.283678828;3.923337626;1.346730598;0.178067014;NA
A0A089ZVU4;1.642846758;-3.965928022;3.930215222;-1.009086729;0.312933042;NA
A0A090I1S6;1.780916025;-4.088849004;3.91285475;-1.044978479;0.296032916;NA
A0A090I342;2.060899197;-4.301306329;3.925363518;-1.095772738;0.273178242;NA
A0A090I3L4;3.091348795;-4.885193866;3.91918378;-1.246482467;0.212587322;NA
A0A090I3X2;6.195084802;6.289353061;2.944162225;2.136211452;0.032662182;NA
A0A090I4L9;26.70949236;0.102610912;3.731983111;0.02749501;NA;NA
A0A090I4Z4;0.901643399;-3.112634513;3.949020958;-0.788204101;0.430577331;NA
A0A090I528;1.288061998;-3.625120114;3.936438421;-0.920913711;0.35709548;NA
A0A090I5U3;2.051636129;-4.290697728;3.860766182;-1.111359125;0.266413799;NA
A0A090I626;3.570470913;5.494622363;3.918817832;1.402112218;0.160881739;NA
A0A090I6G4;1.674480597;-4.002478264;3.929630424;-1.018538089;0.308422309;NA
A0A090I7Y5;5.755382084;-5.779532468;3.039331195;-1.901580347;0.057226039;NA
A0A090JWI9;6.011342284;-0.708069912;2.767255932;-0.255874386;0.798047834;NA
A0A090JXI6;5.015681512;0.675448886;3.281415446;0.20584071;0.83691534;NA
A0A089ZBW3;6.070843731;-5.856887857;2.990115059;-1.958749995;0.050142072;NA
A0A089ZC05;23.12058691;0.153329329;3.733062803;0.041073332;NA;NA
A0A089ZG25;27.97028923;0.471182403;3.731713421;0.126264359;NA;NA
A0A089ZGE8;0.515224799;-2.311262273;3.825496855;-0.604173094;0.545728567;NA
A0A089ZH92;3.220154995;-4.944000545;3.918688553;-1.261646716;0.207075938;NA
A0A089ZHC6;0.2576124;-1.336908472;3.066586407;-0.435959825;0.662865879;NA
A0A089ZHN0;1.416868198;-3.762172244;3.933759252;-0.956380908;0.338879827;NA
A0A089ZI10;6.955534789;-6.054431866;3.250101378;-1.862844004;0.062484217;NA
A0A089ZI49;3.938987582;-5.232114639;3.405296682;-1.53646367;0.124424701;NA
A0A089ZII9;5.365159406;0.094395552;2.328467507;0.040539776;0.967662796;NA
A0A089ZJ62;1.159255798;-3.473665257;3.939708083;-0.881706254;0.377935678;NA
A0A089ZUT2;5.643565577;0.120120511;3.180545236;0.03776727;0.96987324;NA
A0A089ZUW8;6.697922389;-5.999998295;3.288400202;-1.824594917;0.068062181;NA
A0A089ZV40;2.987931904;-0.690794293;3.327133902;-0.207624434;0.835522225;NA
A0A089ZVK9;2.318511596;-4.470875578;3.923305774;-1.139568475;0.254466125;NA
A0A089ZVS2;3.864185994;-5.206743356;3.861202279;-1.348477231;0.177504939;NA
A0A089ZVS6;4.036771187;-0.81148598;3.481088664;-0.233112701;0.815673893;NA
A0A090I0S7;4.121798393;-5.299809385;3.79353557;-1.397063317;0.162394532;NA
A0A090I0V7;1.288061998;-3.625120114;3.936438421;-0.920913711;0.35709548;NA
A0A090I182;3.703745955;-5.143792879;3.462234179;-1.485686009;0.137362193;NA
A0A090I1A0;3.091348795;-4.885193866;3.91918378;-1.246482467;0.212587322;NA
A0A090I1C1;3.606573594;-5.107274779;3.917414533;-1.303736109;0.192323573;NA
A0A090I1F4;0.901643399;-3.112634513;3.949020958;-0.788204101;0.430577331;NA
A0A090I1I5;20.57280532;0.395198006;3.734099295;0.105834895;NA;NA
A0A090I1S2;2.060899197;-4.301306329;3.925363518;-1.095772738;0.273178242;NA
A0A090I224;1.416868198;-3.762172244;3.933759252;-0.956380908;0.338879827;NA
A0A090I2F1;4.765829392;-5.509173591;3.642190988;-1.512598765;0.130381608;NA
A0A090I2H7;3.477767394;-5.054876329;3.917807842;-1.290230796;0.196970537;NA
A0A090I2J1;2.060899197;-4.301306329;3.925363518;-1.095772738;0.273178242;NA
A0A090I2M1;4.765829392;-5.509173591;3.642190988;-1.512598765;0.130381608;NA
A0A090I2N7;2.704930196;-4.692858261;3.920951416;-1.19686723;0.231358309;NA
A0A090I2T8;6.499525575;0.143238863;3.051098479;0.046946653;0.962555745;NA
A0A090I2X5;1.932092997;-4.208409691;3.926597125;-1.071770176;0.283823272;NA
A0A090I2Y4;2.189705396;-4.388579575;3.924274411;-1.118316182;0.263431978;NA
A0A090I311;2.447317796;-4.548727404;3.92243871;-1.159668191;0.246183926;NA
A0A090I391;2.447317796;-4.548727404;3.92243871;-1.159668191;0.246183926;NA
A0A090I397;4.379410793;-5.387232358;3.731208728;-1.443830338;0.148786706;NA
A0A090I3B2;2.060899197;-4.301306329;3.925363518;-1.095772738;0.273178242;NA
A0A090I3E0;2.924937126;-2.293175144;3.344447476;-0.685666365;0.492923522;NA
A0A090I3G6;1.875408193;0.116515433;3.823006991;0.030477431;0.975686292;NA
A0A090I3K5;6.569116189;-5.971992175;3.308202979;-1.805207302;0.071042249;NA
A0A090I3M8;1.851872977;-4.143800575;3.892739019;-1.064494834;0.287104594;NA
A0A090I3X8;2.576123996;-4.622591401;3.92165803;-1.178733935;0.238504138;NA
A0A090I404;0.772837199;-2.89136818;3.955978012;-0.730885807;0.464848906;NA
A0A090I449;3.230446056;-0.566830127;3.666010352;-0.15461771;0.877122707;NA
A0A090I478;1.043557303;-3.313642474;3.885994651;-0.852714111;0.393817864;NA
A0A090I482;6.826728589;-6.027472103;3.269038025;-1.843806054;0.06521141;NA
A0A090I4A7;3.348961194;-5.00050355;3.91823131;-1.276214484;0.20187971;NA
A0A090I4B2;4.379410793;-5.387232358;3.731208728;-1.443830338;0.148786706;NA
A0A090I4E4;5.409860391;-5.691971135;3.5091401;-1.622041575;0.104794447;NA
A0A090I4F5;2.060899197;-4.301306329;3.925363518;-1.095772738;0.273178242;NA
A0A090I4G1;4.121798393;-5.299809385;3.79353557;-1.397063317;0.162394532;NA
A0A090I4L7;9.274046385;-6.469370629;2.968611489;-2.179258099;NA;NA
A0A090I4Q2;0.843794151;-3.010851851;3.80383625;-0.791530353;0.428634571;NA
A0A090I4R1;4.894635592;-5.547632929;3.614134766;-1.534982309;0.124788174;NA
A0A090I4S4;6.177279159;-5.881627446;2.971713824;-1.979203851;0.047793059;NA
A0A090I4V1;3.606573594;-5.107274779;3.917414533;-1.303736109;0.192323573;NA
A0A090I4V7;6.220562315;0.501540285;2.749366946;0.182420279;0.855252913;NA
A0A090I536;5.023441792;-5.585093267;3.586831374;-1.557110632;0.119444221;NA
A0A090I5C4;2.155724437;0.837088683;3.814594995;0.219443659;0.826304464;NA
A0A090I5D0;4.637023192;-5.469660774;3.671032336;-1.489951674;0.136236943;NA
A0A090I5E4;1.288061998;-3.625120114;3.936438421;-0.920913711;0.35709548;NA
A0A090I5M7;3.735379794;-5.157861017;3.893735049;-1.324656391;0.185285143;NA
A0A090I600;2.447317796;-4.548727404;3.92243871;-1.159668191;0.246183926;NA
A0A090I673;2.060899197;-4.301306329;3.925363518;-1.095772738;0.273178242;NA
A0A090I679;1.932092997;-4.208409691;3.926597125;-1.071770176;0.283823272;NA
A0A090I685;3.606573594;-5.107274779;3.917414533;-1.303736109;0.192323573;NA
A0A090I6D0;4.223339464;0.424169988;3.441334753;0.123257404;0.90190327;NA
A0A090I6G6;2.777051591;-0.879844399;3.774253802;-0.233117444;0.81567021;NA
A0A090I6K4;2.833736395;-4.759860121;3.920308825;-1.214154377;0.224688778;NA
A0A090I6P0;1.746601993;0.33777731;3.830192747;0.088188071;0.929727198;NA
A0A090I6U8;2.962542595;-4.823887439;3.919721929;-1.23067083;0.218446002;NA
A0A090I706;6.18269759;-5.884554885;3.37041688;-1.745942741;0.080820902;NA
A0A090I778;10.04688358;-6.584823809;2.89428836;-2.275109799;NA;NA
A0A090I7C4;3.992992193;-5.25402651;3.826525447;-1.373054115;0.169735524;NA
A0A090I7X7;5.528440974;-1.461933236;2.824063854;-0.517670035;0.604688508;NA
A0A090I852;0.644030999;-2.629888385;3.965678447;-0.663162286;0.507226623;NA
A0A090I8A3;3.220154995;-4.944000545;3.918688553;-1.261646716;0.207075938;NA
A0A090I8D3;3.259478107;-4.958528517;3.573501933;-1.387582436;0.165264233;NA
A0A090I8G0;2.576123996;-4.622591401;3.92165803;-1.178733935;0.238504138;NA
A0A090I8I5;2.681733324;-0.437476604;3.794565299;-0.115290309;0.90821502;NA
A0A090I8I8;1.159255798;-3.473665257;3.939708083;-0.881706254;0.377935678;NA
A0A090I8N8;3.477767394;-5.054876329;3.917807842;-1.290230796;0.196970537;NA
A0A090I8P1;40.55826444;0.302601306;3.729585017;0.081135382;NA;NA
A0A090I8Q5;6.379063901;0.561381545;3.067966764;0.182981625;0.854812436;NA
A0A090I8R1;5.827152175;1.011349059;3.142753047;0.321803541;0.747601532;NA
A0A090I8S7;3.735379794;-5.157861017;3.893735049;-1.324656391;0.185285143;NA
A0A090I987;5.033596403;-1.058548925;2.909575593;-0.363815578;0.715995729;NA
A0A090I996;3.348961194;-5.00050355;3.91823131;-1.276214484;0.20187971;NA
A0A090I9J6;1.136885026;-3.440063513;3.905245319;-0.880882821;0.378381247;NA
A0A090I9P0;1.030449598;-3.30441471;3.943787818;-0.837878421;0.402098989;NA
A0A090IA01;1.545674397;-3.887324059;3.931523865;-0.988757589;0.322781759;NA
A0A090IA04;3.992992193;-5.25402651;3.826525447;-1.373054115;0.169735524;NA
A0A090IA97;1.159255798;-3.473665257;3.939708083;-0.881706254;0.377935678;NA
A0A090IAE3;4.254787574;-0.014542893;3.067667227;-0.004740701;0.996217482;NA
A0A090IAK8;4.135230054;0.010331349;3.46190018;0.0029843;0.997618877;NA
A0A090IAT6;2.447317796;-4.548727404;3.92243871;-1.159668191;0.246183926;NA
A0A090IB44;1.288061998;-3.625120114;3.936438421;-0.920913711;0.35709548;NA
A0A090JSK2;3.348961194;-5.00050355;3.91823131;-1.276214484;0.20187971;NA
A0A090JT40;3.864185994;-5.206743356;3.861202279;-1.348477231;0.177504939;NA
A0A090JUC2;3.606573594;-5.107274779;3.917414533;-1.303736109;0.192323573;NA
A0A090JV79;2.576123996;-4.622591401;3.92165803;-1.178733935;0.238504138;NA
A0A090JVQ8;4.379410793;-5.387232358;3.731208728;-1.443830338;0.148786706;NA
A0A090JVX7;2.447317796;-4.548727404;3.92243871;-1.159668191;0.246183926;NA
A0A090JWS6;4.637023192;-5.469660774;3.671032336;-1.489951674;0.136236943;NA
A0A090JWU9;0.644030999;-2.629888385;3.965678447;-0.663162286;0.507226623;NA
A0A090JXY4;5.329978716;-0.604612913;3.229506194;-0.187215282;0.851491843;NA
A0A090I0P2;1.136058927;3.849898448;3.951340621;0.974327151;0.329894128;NA
A0A090I488;2.420052667;4.933391184;3.927877744;1.255994078;0.209118117;NA
A0A090I4H2;3.895059178;5.620022136;3.832075045;1.466574133;0.142491941;NA
A0A090I4Y2;2.628554813;-4.645860581;3.921420225;-1.184739282;0.236120546;NA
A0A090I539;28.78735411;-0.07736026;3.731534045;-0.02073149;NA;NA
A0A090I934;0.486882397;2.643394015;3.768549224;0.701435449;0.483031306;NA
A0A090JUA7;18.23559901;-21.5777477;3.908877095;-5.520190881;NA;NA
A0A089ZBQ7;2.368595293;0.502739351;3.804093144;0.132157477;0.894859735;NA
A0A089ZH08;5.09282495;-5.601228785;3.58200521;-1.563713188;0.117884939;NA
A0A089ZH31;2.483255989;2.734956394;3.469817087;0.78821342;0.430571881;NA
A0A089ZVN4;0.657138703;-2.636835216;3.965397709;-0.664961098;0.506075375;NA
A0A090I0P3;5.09282495;-5.601228785;3.58200521;-1.563713188;0.117884939;NA
A0A090I377;2.299985461;-4.452772618;3.923514155;-1.134893986;0.25641974;NA
A0A090I385;0.815451749;0.616825452;3.849271416;0.160244728;0.872688297;NA
A0A090I441;2.299985461;-4.452772618;3.923514155;-1.134893986;0.25641974;NA
A0A090I4I3;0.328569352;-1.614678505;3.340701796;-0.483335121;0.628857807;NA
A0A090I580;2.135700785;-4.345581803;3.924802801;-1.107210228;0.268203047;NA
A0A090I689;3.976374703;0.771133123;3.122811086;0.246935566;0.804958091;NA
A0A090I6H4;1.314277406;-3.642778299;3.936078894;-0.925484066;0.354714168;NA
A0A090I7A7;4.249505593;-0.452398657;3.444573526;-0.131336624;0.895509021;NA
A0A090IAZ4;3.614262868;-5.106144931;3.917422864;-1.30344492;0.192422909;NA
A0A090JUS9;1.314277406;-3.642778299;3.936078894;-0.925484066;0.354714168;NA
A0A090JW59;1.642846758;-3.965928022;3.930215222;-1.009086729;0.312933042;NA
A0A089ZGT2;0.34572181;2.161418536;3.402247289;0.635291427;0.525238364;NA
A0A089ZV58;12.10026334;7.253526873;2.710194044;2.676386545;NA;NA
A0A090I0H9;2.854101202;5.172204726;3.657531599;1.414124413;0.157325376;NA
A0A090I2P2;2.074330857;4.711561739;3.931373672;1.198451771;0.230741188;NA
A0A090I366;2.074330857;4.711561739;3.931373672;1.198451771;0.230741188;NA
A0A090I3N1;0.864304524;3.453732619;3.965295625;0.870989945;0.383759643;NA
A0A090I463;1.210026334;3.93667722;3.948755811;0.996941165;0.318793069;NA
A0A090I6M8;14.00173329;20.80802374;3.910427556;5.321163336;NA;NA
A0A090IAF9;17.11322957;21.09111394;3.909761166;5.394476297;NA;NA
A0A090IAI9;2.938635381;5.212895695;3.924168901;1.328407575;0.184043498;NA
A0A090JSN4;2.247191762;4.826734487;3.929492107;1.228335458;0.219321066;NA
A0A090JV30;0.34572181;2.161418536;3.402247289;0.635291427;0.525238364;NA
A0A090I1G4;2.926486037;5.19661624;3.924365891;1.324192592;0.185439091;NA
A0A090I9F1;2.517722241;4.985371211;3.756354574;1.32718334;0.184448042;NA
A0A090I116;4.381941575;5.789794827;3.709989147;1.560596163;0.118619065;NA
A0A090I609;2.434411986;4.943735743;3.927727381;1.258675887;0.208147425;NA
A0A090I6B3;2.759000251;5.123698624;3.925275861;1.305309182;0.191787589;NA
A0A090I744;1.947529589;4.623088033;3.932923717;1.175483779;0.239801223;NA
A0A090JYG2;2.921294383;5.205905167;3.92425322;1.326597667;0.184641808;NA
A0A089Z8K1;1.947529589;4.623088033;3.932923717;1.175483779;0.239801223;NA
A0A089ZAT7;4.544235707;5.842220668;3.671465276;1.591250422;0.11155323;NA
A0A089ZV44;6.654059429;6.392058351;3.271828201;1.953665645;0.050740772;NA
A0A090I0L2;2.272117854;4.844568011;3.929213861;1.232961142;0.217590262;NA
A0A090I0W7;2.434411986;4.943735743;3.927727381;1.258675887;0.208147425;NA
A0A090I0Y8;3.895059178;5.620022136;3.832075045;1.466574133;0.142491941;NA
A0A090I171;2.759000251;5.123698624;3.925275861;1.305309182;0.191787589;NA
A0A090I1F1;6.654059429;6.392058351;3.271828201;1.953665645;0.050740772;NA
A0A090I250;2.921294383;5.205905167;3.92425322;1.326597667;0.184641808;NA
A0A090I2A7;1.460647192;4.21014076;3.94154535;1.068144696;0.285455247;NA
A0A090I2L3;2.759000251;5.123698624;3.925275861;1.305309182;0.191787589;NA
A0A090I306;5.680294634;6.163922361;3.435951396;1.79394923;0.072821273;NA
A0A090I3L5;0.973764794;3.6292097;3.958647673;0.916780174;0.359257844;NA
A0A090I405;4.868823972;5.941680489;3.598398276;1.65120146;0.098697445;NA
A0A090I4N0;2.434411986;4.943735743;3.927727381;1.258675887;0.208147425;NA
A0A090I4P6;12.98353059;20.70754177;2.649247338;7.816386742;NA;NA
A0A090I5I6;5.842588767;6.204539043;3.406486532;1.821389571;0.068547659;NA
A0A090I5T7;2.109823721;4.73807412;3.930927243;1.205332439;0.228074992;NA
A0A090I8K8;5.031118105;5.98895247;3.563717886;1.680534953;0.09285328;NA
A0A090I8N2;3.570470913;5.494622363;3.918817832;1.402112218;0.160881739;NA
A0A090I8Q1;0.64917653;3.049947543;3.983968619;0.765555112;0.443941062;NA
A0A090IB02;1.298353059;4.041242405;3.945838273;1.024178419;0.30575101;NA
A0A090JTY9;2.759000251;5.123698624;3.925275861;1.305309182;0.191787589;NA
A0A090JUD7;5.355706369;6.079088116;3.497753668;1.737997782;0.082211205;NA
A0A090JVJ8;5.355706369;6.079088116;3.497753668;1.737997782;0.082211205;NA
A0A090JWU4;16.22941324;21.01796862;3.90992388;5.375544196;NA;NA
